Time[s],Voltage[V],Current[A]
0.0,100.0,3.775406687981455
1.0005002501250625e-07,100.0,3.7816312807744987
2.001000500250125e-07,100.0,3.787849648975267
3.0015007503751875e-07,100.0,3.794061798808354
4.00200100050025e-07,100.0,3.800267736492126
5.002501250625313e-07,100.0,3.80646746823873
6.003001500750375e-07,100.0,3.8126610002541055
7.003501750875438e-07,100.0,3.8188483387379817
8.0040020010005e-07,100.0,3.8250294898838906
9.004502251125562e-07,100.0,3.831204459879168
1.0005002501250626e-06,100.0,3.837373254904966
1.1005502751375688e-06,100.0,3.843535881136251
1.200600300150075e-06,100.0,3.84969234474182
1.3006503251625812e-06,100.0,3.8558426518842968
1.4007003501750876e-06,100.0,3.861986808720143
1.5007503751875938e-06,100.0,3.8681248213996655
1.6008004002001e-06,100.0,3.8742566960670217
1.7008504252126063e-06,100.0,3.88038243886022
1.8009004502251125e-06,100.0,3.8865020559111363
1.900950475237619e-06,100.0,3.8926155533455127
2.001000500250125e-06,100.0,3.8987229372829635
2.101050525262631e-06,100.0,3.904824213836987
2.2011005502751375e-06,100.0,3.910919389114965
2.301150575287644e-06,100.0,3.917008469218172
2.40120060030015e-06,100.0,3.9230914602417846
2.5012506253126564e-06,100.0,3.9291683682748806
2.6013006503251624e-06,100.0,3.93523919940045
2.701350675337669e-06,100.0,3.9413039596954
2.8014007003501753e-06,100.0,3.9473626552305605
2.9014507253626813e-06,100.0,3.9534152920706918
3.0015007503751877e-06,100.0,3.959461876274487
3.1015507753876937e-06,100.0,3.9655024138945825
3.2016008004002e-06,100.0,3.9715369109775613
3.3016508254127065e-06,100.0,3.9775653735639604
3.4017008504252125e-06,100.0,3.9835878076882762
3.501750875437719e-06,100.0,3.98960421937897
3.601800900450225e-06,100.0,3.9956146146584732
3.7018509254627314e-06,100.0,4.001618999543199
3.801900950475238e-06,100.0,4.007617380043541
3.901950975487744e-06,100.0,4.013609762163883
4.00200100050025e-06,100.0,4.019596151902603
4.102051025512756e-06,100.0,4.025576555252084
4.202101050525262e-06,100.0,4.031550978198715
4.302151075537769e-06,100.0,4.037519426722897
4.402201100550275e-06,100.0,4.043481906799052
4.502251125562781e-06,100.0,4.049438424395628
4.602301150575288e-06,100.0,4.055388985475104
4.702351175587794e-06,100.0,4.061333595993998
4.8024012006003e-06,100.0,4.0672722619028665
4.902451225612807e-06,100.0,4.073204989146323
5.002501250625313e-06,100.0,4.07913178366303
5.102551275637819e-06,100.0,4.085052651385714
5.202601300650325e-06,100.0,4.0909675982411695
5.302651325662832e-06,100.0,4.096876630150263
5.402701350675338e-06,100.0,4.10277975302794
5.502751375687844e-06,100.0,4.108676972783231
5.6028014007003505e-06,100.0,4.114568295319258
5.7028514257128565e-06,100.0,4.120453726533242
5.8029014507253625e-06,100.0,4.126333272316501
5.902951475737869e-06,100.0,4.132206938554468
6.003001500750375e-06,100.0,4.138074731126686
6.103051525762881e-06,100.0,4.1439366559068205
6.203101550775387e-06,100.0,4.149792718762665
6.303151575787894e-06,100.0,4.1556429255561405
6.4032016008004e-06,100.0,4.161487282143311
6.503251625812906e-06,100.0,4.167325794374382
6.603301650825413e-06,100.0,4.173158468093709
6.703351675837919e-06,100.0,4.178985309139802
6.803401700850425e-06,100.0,4.1848063233453345
6.903451725862931e-06,100.0,4.190621516537147
7.003501750875438e-06,100.0,4.196430894536253
7.103551775887944e-06,100.0,4.202234463157844
7.20360180090045e-06,100.0,4.208032228211298
7.303651825912957e-06,100.0,4.213824195500181
7.403701850925463e-06,100.0,4.2196103708222585
7.503751875937969e-06,100.0,4.225390759969495
7.603801900950476e-06,100.0,4.231165368728068
7.70385192596298e-06,100.0,4.236934202878364
7.803901950975488e-06,100.0,4.24269726819499
7.903951975987994e-06,100.0,4.248454570446779
8.0040020010005e-06,100.0,4.254206115396798
8.104052026013006e-06,100.0,4.259951908802345
8.204102051025512e-06,100.0,4.265691956414966
8.304152076038018e-06,100.0,4.271426263980453
8.404202101050524e-06,100.0,4.277154837238853
8.504252126063032e-06,100.0,4.282877681924472
8.604302151075538e-06,100.0,4.288594803765882
8.704352176088044e-06,100.0,4.294306208485928
8.80440220110055e-06,100.0,4.30001190180173
8.904452226113056e-06,100.0,4.305711889424691
9.004502251125562e-06,100.0,4.311406177060505
9.10455227613807e-06,100.0,4.317094770409158
9.204602301150576e-06,100.0,4.322777675164937
9.304652326163082e-06,100.0,4.328454897016433
9.404702351175588e-06,100.0,4.334126441646552
9.504752376188094e-06,100.0,4.339792314732513
9.6048024012006e-06,100.0,4.345452521945861
9.704852426213106e-06,100.0,4.351107068952467
9.804902451225614e-06,100.0,4.356755961412538
9.90495247623812e-06,100.0,4.36239920498062
1.0005002501250626e-05,100.0,4.368036805305604
1.0105052526263132e-05,100.0,4.373668768030734
1.0205102551275638e-05,100.0,4.379295098793607
1.0305152576288144e-05,100.0,4.384915803226187
1.040520260130065e-05,100.0,4.390530886954803
1.0505252626313157e-05,100.0,4.396140355600159
1.0605302651325663e-05,100.0,4.401744214777336
1.070535267633817e-05,100.0,4.407342470095805
1.0805402701350675e-05,100.0,4.412935127159421
1.0905452726363181e-05,100.0,4.41852219156644
1.1005502751375687e-05,100.0,4.424103668909518
1.1105552776388193e-05,100.0,4.429679564775718
1.1205602801400701e-05,100.0,4.435249884746517
1.1305652826413207e-05,100.0,4.4408146343978085
1.1405702851425713e-05,100.0,4.4463738192999145
1.1505752876438219e-05,100.0,4.4519274450175805
1.1605802901450725e-05,100.0,4.457475517109993
1.1705852926463231e-05,100.0,4.463018041130774
1.1805902951475739e-05,100.0,4.4685550226279975
1.1905952976488245e-05,100.0,4.474086467144185
1.200600300150075e-05,100.0,4.479612380216318
1.2106053026513257e-05,100.0,4.485132767375839
1.2206103051525763e-05,100.0,4.490647634148661
1.2306153076538269e-05,100.0,4.496156986055171
1.2406203101550775e-05,100.0,4.501660828610232
1.2506253126563282e-05,100.0,4.507159167323198
1.2606303151575788e-05,100.0,4.512652007697909
1.2706353176588294e-05,100.0,4.518139355232703
1.28064032016008e-05,100.0,4.5236212154204205
1.2906453226613306e-05,100.0,4.529097593748407
1.3006503251625812e-05,100.0,4.5345684956985215
1.3106553276638318e-05,100.0,4.540033926747143
1.3206603301650826e-05,100.0,4.545493892365171
1.3306653326663332e-05,100.0,4.550948398018036
1.3406703351675838e-05,100.0,4.556397449165703
1.3506753376688344e-05,100.0,4.561841051262678
1.360680340170085e-05,100.0,4.567279209758008
1.3706853426713356e-05,100.0,4.572711930095297
1.3806903451725862e-05,100.0,4.578139217712701
1.390695347673837e-05,100.0,4.583561078042941
1.4007003501750876e-05,100.0,4.588977516513302
1.4107053526763382e-05,100.0,4.594388538545646
1.4207103551775888e-05,100.0,4.5997941495564065
1.4307153576788394e-05,100.0,4.605194354956608
1.44072036018009e-05,100.0,4.61058916015186
1.4507253626813408e-05,100.0,4.6159785705423655
1.4607303651825914e-05,100.0,4.621362591522931
1.470735367683842e-05,100.0,4.626741228482963
1.4807403701850926e-05,100.0,4.6321144868064845
1.4907453726863432e-05,100.0,4.637482371872131
1.5007503751875938e-05,100.0,4.642844889053158
1.5107553776888444e-05,100.0,4.648202043717452
1.5207603801900951e-05,100.0,4.653553841227529
1.5307653826913456e-05,100.0,4.658900286940542
1.540770385192596e-05,100.0,4.664241386208287
1.550775387693847e-05,100.0,4.669577144377209
1.5607803901950977e-05,100.0,4.674907566788408
1.5707853926963483e-05,100.0,4.68023265877764
1.580790395197599e-05,100.0,4.685552425675327
1.5907953976988495e-05,100.0,4.690866872806559
1.6008004002001e-05,100.0,4.696176005491104
1.6108054027013507e-05,100.0,4.701479829043406
1.6208104052026013e-05,100.0,4.706778348772598
1.630815407703852e-05,100.0,4.712071569982504
1.6408204102051025e-05,100.0,4.71735949797164
1.650825412706353e-05,100.0,4.722642138033228
1.6608304152076037e-05,100.0,4.727919495455195
1.6708354177088543e-05,100.0,4.73319157552018
1.680840420210105e-05,100.0,4.73845838350554
1.690845422711356e-05,100.0,4.743719924683353
1.7008504252126064e-05,100.0,4.748976204320427
1.710855427713857e-05,100.0,4.754227227678303
1.7208604302151076e-05,100.0,4.759473000013258
1.7308654327163582e-05,100.0,4.764713526576316
1.740870435217609e-05,100.0,4.769948812613247
1.7508754377188594e-05,100.0,4.775178863364578
1.76088044022011e-05,100.0,4.780403684065594
1.7708854427213606e-05,100.0,4.785623279946345
1.7808904452226112e-05,100.0,4.79083765623165
1.790895447723862e-05,100.0,4.796046818141104
1.8009004502251124e-05,100.0,4.801250770889084
1.810905452726363e-05,100.0,4.806449519684748
1.820910455227614e-05,100.0,4.811643069732051
1.8309154577288646e-05,100.0,4.81683142622974
1.8409204602301152e-05,100.0,4.822014594371364
1.8509254627313658e-05,100.0,4.827192579345278
1.8609304652326164e-05,100.0,4.83236538633465
1.870935467733867e-05,100.0,4.837533020517463
1.8809404702351176e-05,100.0,4.842695487066526
1.8909454727363682e-05,100.0,4.847852791149468
1.9009504752376188e-05,100.0,4.853004937928759
1.9109554777388694e-05,100.0,4.858151932561699
1.92096048024012e-05,100.0,4.8632937802004355
1.9309654827413706e-05,100.0,4.868430485991962
1.9409704852426212e-05,100.0,4.873562055078126
1.9509754877438718e-05,100.0,4.87868849259563
1.9609804902451227e-05,100.0,4.883809803676045
1.9709854927463733e-05,100.0,4.888925993445807
1.980990495247624e-05,100.0,4.894037067026225
1.9909954977488745e-05,100.0,4.899143029533489
2.001000500250125e-05,100.0,4.904243886078672
2.0110055027513757e-05,100.0,4.909339641767734
2.0210105052526263e-05,100.0,4.9144303017015325
2.031015507753877e-05,100.0,4.919515870975822
2.0410205102551275e-05,100.0,4.924596354681261
2.051025512756378e-05,100.0,4.929671757903417
2.0610305152576287e-05,100.0,4.9347420857227755
2.0710355177588793e-05,100.0,4.939807343214737
2.08104052026013e-05,100.0,4.944867535449628
2.091045522761381e-05,100.0,4.949922667492707
2.1010505252626315e-05,100.0,4.954972744404164
2.111055527763882e-05,100.0,4.960017771239131
2.1210605302651327e-05,100.0,4.965057753047683
2.1310655327663833e-05,100.0,4.970092694874847
2.141070535267634e-05,100.0,4.975122601760604
2.1510755377688845e-05,100.0,4.980147478739894
2.161080540270135e-05,100.0,4.985167330842624
2.1710855427713857e-05,100.0,4.990182163093669
2.1810905452726363e-05,100.0,4.995191980512882
2.191095547773887e-05,100.0,5.000196788115093
2.2011005502751375e-05,100.0,5.00519659091012
2.211105552776388e-05,100.0,5.010191393902768
2.2211105552776387e-05,100.0,5.015181202092839
2.2311155577788896e-05,100.0,5.020166020475137
2.2411205602801402e-05,100.0,5.025145854039469
2.2511255627813908e-05,100.0,5.03012070777065
2.2611305652826414e-05,100.0,5.035090586648516
2.271135567783892e-05,100.0,5.040055495647918
2.2811405702851426e-05,100.0,5.045015439738735
2.2911455727863932e-05,100.0,5.049970423885874
2.3011505752876438e-05,100.0,5.05492045304928
2.3111555777888944e-05,100.0,5.0598655321839345
2.321160580290145e-05,100.0,5.064805666239867
2.3311655827913956e-05,100.0,5.069740860162154
2.3411705852926462e-05,100.0,5.074671118890932
2.3511755877938968e-05,100.0,5.079596447361392
2.3611805902951477e-05,100.0,5.084516850503792
2.3711855927963983e-05,100.0,5.089432333243459
2.381190595297649e-05,100.0,5.094342900500798
2.3911955977988995e-05,100.0,5.099248557191287
2.40120060030015e-05,100.0,5.104149308225495
2.4112056028014007e-05,100.0,5.109045158509079
2.4212106053026513e-05,100.0,5.1139361129427865
2.431215607803902e-05,100.0,5.118822176422468
2.4412206103051525e-05,100.0,5.123703353839077
2.451225612806403e-05,100.0,5.128579650078676
2.4612306153076537e-05,100.0,5.133451070022443
2.4712356178089043e-05,100.0,5.138317618546672
2.481240620310155e-05,100.0,5.143179300522783
2.4912456228114055e-05,100.0,5.148036120817323
2.5012506253126565e-05,100.0,5.152888084291972
2.511255627813907e-05,100.0,5.157735195803553
2.5212606303151577e-05,100.0,5.162577460204026
2.5312656328164083e-05,100.0,5.167414882340501
2.541270635317659e-05,100.0,5.172247467055244
2.5512756378189095e-05,100.0,5.177075219185674
2.56128064032016e-05,100.0,5.181898143564377
2.5712856428214107e-05,100.0,5.186716245019104
2.5812906453226613e-05,100.0,5.191529528372778
2.591295647823912e-05,100.0,5.196337998443498
2.6013006503251625e-05,100.0,5.201141660044549
2.611305652826413e-05,100.0,5.205940517984399
2.6213106553276637e-05,100.0,5.21073457706671
2.6313156578289146e-05,100.0,5.215523842090339
2.6413206603301652e-05,100.0,5.220308317849343
2.6513256628314158e-05,100.0,5.225088009132986
2.6613306653326664e-05,100.0,5.229862920725745
2.671335667833917e-05,100.0,5.234633057407309
2.6813406703351676e-05,100.0,5.239398423952589
2.6913456728364182e-05,100.0,5.244159025131721
2.7013506753376688e-05,100.0,5.248914865710072
2.7113556778389194e-05,100.0,5.253665950448239
2.72136068034017e-05,100.0,5.258412284102065
2.7313656828414206e-05,100.0,5.263153871422634
2.7413706853426712e-05,100.0,5.267890717156276
2.751375687843922e-05,100.0,5.27262282604458
2.7613806903451724e-05,100.0,5.277350202824391
2.7713856928464234e-05,100.0,5.282072852227816
2.781390695347674e-05,100.0,5.286790778982231
2.7913956978489246e-05,100.0,5.291503987810285
2.8014007003501752e-05,100.0,5.296212483429903
2.8114057028514258e-05,100.0,5.3009162705542945
2.8214107053526764e-05,100.0,5.305615353891954
2.831415707853927e-05,100.0,5.310309738146668
2.8414207103551776e-05,100.0,5.314999428017519
2.8514257128564282e-05,100.0,5.319684428198888
2.8614307153576788e-05,100.0,5.324364743380468
2.8714357178589294e-05,100.0,5.329040378247257
2.88144072036018e-05,100.0,5.333711337479569
2.8914457228614306e-05,100.0,5.338377625753036
2.9014507253626815e-05,100.0,5.343039247738621
2.911455727863932e-05,100.0,5.347696208102609
2.9214607303651827e-05,100.0,5.35234851150662
2.9314657328664333e-05,100.0,5.356996162607615
2.941470735367684e-05,100.0,5.3616391660578975
2.9514757378689345e-05,100.0,5.366277526505116
2.961480740370185e-05,100.0,5.370911248592274
2.9714857428714357e-05,100.0,5.375540336957731
2.9814907453726863e-05,100.0,5.38016479623521
2.991495747873937e-05,100.0,5.384784631053796
3.0015007503751875e-05,100.0,5.389399846037947
3.011505752876438e-05,100.0,5.394010445807501
3.0215107553776887e-05,100.0,5.398616434977669
3.0315157578789393e-05,100.0,5.4032178181590504
3.0415207603801903e-05,100.0,5.407814599957635
3.051525762881441e-05,100.0,5.412406784974804
3.061530765382691e-05,100.0,5.416994377807338
3.071535767883942e-05,100.0,5.421577383047423
3.081540770385192e-05,100.0,5.426155805282649
3.091545772886443e-05,100.0,5.430729649096023
3.101550775387694e-05,100.0,5.435298919065963
3.1115557778889445e-05,100.0,5.4398636197663155
3.1215607803901954e-05,100.0,5.444423755766348
3.1315657828914457e-05,100.0,5.44897933163076
3.1415707853926966e-05,100.0,5.453530351919688
3.151575787893947e-05,100.0,5.4580768211887065
3.161580790395198e-05,100.0,5.462618743988835
3.171585792896448e-05,100.0,5.467156124866541
3.181590795397699e-05,100.0,5.4716889683637495
3.191595797898949e-05,100.0,5.476217279017837
3.2016008004002e-05,100.0,5.480741061361649
3.2116058029014505e-05,100.0,5.485260319923494
3.2216108054027014e-05,100.0,5.489775059227155
3.2316158079039517e-05,100.0,5.494285283791887
3.2416208104052026e-05,100.0,5.498790998132431
3.2516258129064535e-05,100.0,5.503292206759011
3.261630815407704e-05,100.0,5.507788914177338
3.271635817908955e-05,100.0,5.512281124888624
3.281640820410205e-05,100.0,5.5167688433895705
3.291645822911456e-05,100.0,5.521252074172391
3.301650825412706e-05,100.0,5.525730821724804
3.311655827913957e-05,100.0,5.530205090530036
3.3216608304152074e-05,100.0,5.5346748850668375
3.331665832916458e-05,100.0,5.539140209809474
3.3416708354177086e-05,100.0,5.543601069227741
3.3516758379189595e-05,100.0,5.548057467786959
3.36168084042021e-05,100.0,5.552509409947993
3.371685842921461e-05,100.0,5.5569569001672345
3.381690845422712e-05,100.0,5.561399942896629
3.391695847923962e-05,100.0,5.5658385425836645
3.401700850425213e-05,100.0,5.570272703671382
3.411705852926463e-05,100.0,5.574702430598382
3.421710855427714e-05,100.0,5.5791277277988245
3.431715857928964e-05,100.0,5.583548599702435
3.441720860430215e-05,100.0,5.587965050734511
3.4517258629314655e-05,100.0,5.592377085315923
3.4617308654327165e-05,100.0,5.596784707863122
3.471735867933967e-05,100.0,5.6011879227881405
3.481740870435218e-05,100.0,5.605586734498601
3.491745872936468e-05,100.0,5.609981147397718
3.501750875437719e-05,100.0,5.614371165884303
3.51175587793897e-05,100.0,5.618756794352766
3.52176088044022e-05,100.0,5.623138037193128
3.531765882941471e-05,100.0,5.627514898791014
3.541770885442721e-05,100.0,5.631887383527666
3.551775887943972e-05,100.0,5.636255495779948
3.5617808904452225e-05,100.0,5.6406192399203405
3.5717858929464734e-05,100.0,5.644978620316957
3.581790895447724e-05,100.0,5.6493336413335395
3.5917958979489746e-05,100.0,5.65368430732947
3.601800900450225e-05,100.0,5.658030622659766
3.611805902951476e-05,100.0,5.662372591675094
3.621810905452726e-05,100.0,5.666710218721769
3.631815907953977e-05,100.0,5.67104350814176
3.641820910455228e-05,100.0,5.675372464272691
3.651825912956478e-05,100.0,5.679697091447853
3.661830915457729e-05,100.0,5.684017393996199
3.6718359179589794e-05,100.0,5.688333376242357
3.6818409204602304e-05,100.0,5.69264504250663
3.6918459229614806e-05,100.0,5.696952397104998
3.7018509254627316e-05,100.0,5.701255444349126
3.711855927963982e-05,100.0,5.705554188546369
3.721860930465233e-05,100.0,5.709848633999774
3.731865932966483e-05,100.0,5.714138785008083
3.741870935467734e-05,100.0,5.71842464586574
3.751875937968984e-05,100.0,5.722706220862898
3.761880940470235e-05,100.0,5.726983514285416
3.7718859429714854e-05,100.0,5.731256530414867
3.7818909454727364e-05,100.0,5.7355252735285465
3.791895947973987e-05,100.0,5.739789747899468
3.8019009504752376e-05,100.0,5.744049957796372
3.8119059529764885e-05,100.0,5.748305907483736
3.821910955477739e-05,100.0,5.752557601221767
3.83191595797899e-05,100.0,5.756805043266415
3.84192096048024e-05,100.0,5.761048237869372
3.851925962981491e-05,100.0,5.76528718927808
3.861930965482741e-05,100.0,5.769521901735732
3.871935967983992e-05,100.0,5.773752379481281
3.8819409704852424e-05,100.0,5.7779786267494355
3.891945972986493e-05,100.0,5.782200647770676
3.9019509754877436e-05,100.0,5.786418446771246
3.9119559779889945e-05,100.0,5.790632027973167
3.9219609804902454e-05,100.0,5.794841395594238
3.931965982991496e-05,100.0,5.799046553848038
3.9419709854927466e-05,100.0,5.803247506943936
3.951975987993997e-05,100.0,5.807444259087088
3.961980990495248e-05,100.0,5.8116368144784465
3.971985992996498e-05,100.0,5.815825177314763
3.981990995497749e-05,100.0,5.820009351788593
3.991995997998999e-05,100.0,5.824189342088298
4.00200100050025e-05,100.0,5.828365152398051
4.0120060030015005e-05,100.0,5.832536786897843
4.0220110055027514e-05,100.0,5.836704249763482
4.032016008004002e-05,100.0,5.840867545166604
4.0420210105052526e-05,100.0,5.84502667727467
4.0520260130065036e-05,100.0,5.849181650250975
4.062031015507754e-05,100.0,5.853332468254649
4.072036018009005e-05,100.0,5.8574791354406655
4.082041020510255e-05,100.0,5.861621655959842
4.092046023011506e-05,100.0,5.865760033958845
4.102051025512756e-05,100.0,5.8698942735801936
4.112056028014007e-05,100.0,5.874024378962266
4.1220610305152574e-05,100.0,5.878150354239301
4.1320660330165084e-05,100.0,5.882272203541402
4.1420710355177586e-05,100.0,5.886389930994545
4.1520760380190096e-05,100.0,5.890503540720578
4.16208104052026e-05,100.0,5.894613036837228
4.172086043021511e-05,100.0,5.898718423458105
4.182091045522762e-05,100.0,5.902819704692702
4.192096048024012e-05,100.0,5.906916884646407
4.202101050525263e-05,100.0,5.9110099674205
4.212106053026513e-05,100.0,5.91509895711216
4.222111055527764e-05,100.0,5.919183857814469
4.2321160580290144e-05,100.0,5.9232646736164165
4.242121060530265e-05,100.0,5.927341408602902
4.2521260630315156e-05,100.0,5.931414066854741
4.2621310655327665e-05,100.0,5.935482652448667
4.272136068034017e-05,100.0,5.93954716945734
4.282141070535268e-05,100.0,5.943607621949342
4.292146073036518e-05,100.0,5.947664013989191
4.302151075537769e-05,100.0,5.951716349637338
4.312156078039019e-05,100.0,5.955764632950175
4.32216108054027e-05,100.0,5.959808867980037
4.332166083041521e-05,100.0,5.963849058775206
4.342171085542771e-05,100.0,5.967885209379917
4.352176088044022e-05,100.0,5.97191732383436
4.3621810905452725e-05,100.0,5.9759454061746835
4.3721860930465235e-05,100.0,5.979969460433003
4.382191095547774e-05,100.0,5.9839894906374
4.392196098049025e-05,100.0,5.988005500811928
4.402201100550275e-05,100.0,5.992017494976615
4.412206103051526e-05,100.0,5.996025477147473
4.422211105552776e-05,100.0,6.000029451336495
4.432216108054027e-05,100.0,6.00402942155166
4.442221110555277e-05,100.0,6.008025391796944
4.452226113056528e-05,100.0,6.012017366072317
4.462231115557779e-05,100.0,6.016005348373747
4.4722361180590295e-05,100.0,6.019989342693206
4.4822411205602804e-05,100.0,6.02396935301868
4.492246123061531e-05,100.0,6.02794538333416
4.5022511255627816e-05,100.0,6.031917437619656
4.512256128064032e-05,100.0,6.035885519851197
4.522261130565283e-05,100.0,6.039849634000838
4.532266133066533e-05,100.0,6.043809784036659
4.542271135567784e-05,100.0,6.047765973922775
4.552276138069034e-05,100.0,6.051718207619334
4.562281140570285e-05,100.0,6.055666489082528
4.5722861430715355e-05,100.0,6.059610822264586
4.5822911455727864e-05,100.0,6.063551211113792
4.5922961480740373e-05,100.0,6.067487659574477
4.6023011505752876e-05,100.0,6.071420171587029
4.6123061530765386e-05,100.0,6.075348751087896
4.622311155577789e-05,100.0,6.079273402009591
4.63231615807904e-05,100.0,6.08319412828069
4.64232116058029e-05,100.0,6.087110933825846
4.652326163081541e-05,100.0,6.0910238225657825
4.662331165582791e-05,100.0,6.094932798417306
4.672336168084042e-05,100.0,6.098837865293303
4.6823411705852924e-05,100.0,6.102739027102751
4.6923461730865434e-05,100.0,6.106636287750714
4.7023511755877936e-05,100.0,6.110529651138354
4.7123561780890446e-05,100.0,6.114419121162931
4.7223611805902955e-05,100.0,6.118304701717808
4.732366183091546e-05,100.0,6.122186396692454
4.742371185592797e-05,100.0,6.126064209972448
4.752376188094047e-05,100.0,6.129938145439486
4.762381190595298e-05,100.0,6.133808206971381
4.772386193096548e-05,100.0,6.137674398442066
4.782391195597799e-05,100.0,6.141536723721602
4.7923961980990494e-05,100.0,6.145395186676181
4.8024012006003e-05,100.0,6.149249791168127
4.8124062031015506e-05,100.0,6.1531005410559025
4.8224112056028015e-05,100.0,6.156947440194111
4.832416208104052e-05,100.0,6.160790492433502
4.842421210605303e-05,100.0,6.164629701620975
4.852426213106553e-05,100.0,6.16846507159958
4.862431215607804e-05,100.0,6.172296606208526
4.872436218109055e-05,100.0,6.176124309283183
4.882441220610305e-05,100.0,6.179948184655084
4.892446223111556e-05,100.0,6.183768236151932
4.902451225612806e-05,100.0,6.187584467597601
4.912456228114057e-05,100.0,6.191396882812144
4.9224612306153075e-05,100.0,6.195205485611789
4.9324662331165584e-05,100.0,6.199010279808952
4.942471235617809e-05,100.0,6.202811269212236
4.9524762381190596e-05,100.0,6.206608457626434
4.96248124062031e-05,100.0,6.210401848852533
4.972486243121561e-05,100.0,6.214191446687723
4.982491245622811e-05,100.0,6.217977254925392
4.992496248124062e-05,100.0,6.221759277355142
5.002501250625313e-05,0.0,6.223036579924117
5.012506253126563e-05,0.0,6.21681354386304
5.022511255627814e-05,0.0,6.210596730837503
5.0325162581290644e-05,0.0,6.204386134624475
5.0425212606303154e-05,0.0,6.198181749007141
5.0525262631315656e-05,0.0,6.1919835677749075
5.0625312656328166e-05,0.0,6.185791584723389
5.072536268134067e-05,0.0,6.179605793654407
5.082541270635318e-05,0.0,6.173426188375976
5.092546273136568e-05,0.0,6.16725276270231
5.102551275637819e-05,0.0,6.161085510453802
5.112556278139069e-05,0.0,6.154924425457029
5.12256128064032e-05,0.0,6.148769501544739
5.132566283141571e-05,0.0,6.142620732555848
5.1425712856428214e-05,0.0,6.136478112335433
5.152576288144072e-05,0.0,6.130341634734727
5.1625812906453226e-05,0.0,6.1242112936111095
5.1725862931465735e-05,0.0,6.1180870828281035
5.182591295647824e-05,0.0,6.111968996255372
5.192596298149075e-05,0.0,6.105857027768702
5.202601300650325e-05,0.0,6.099751171250009
5.212606303151576e-05,0.0,6.093651420587326
5.222611305652826e-05,0.0,6.087557769674797
5.232616308154077e-05,0.0,6.081470212412673
5.2426213106553274e-05,0.0,6.075388742707303
5.252626313156578e-05,0.0,6.06931335447113
5.262631315657829e-05,0.0,6.0632440416226885
5.2726363181590795e-05,0.0,6.057180798086589
5.2826413206603305e-05,0.0,6.05112361779352
5.292646323161581e-05,0.0,6.045072494680238
5.3026513256628317e-05,0.0,6.039027422689567
5.312656328164082e-05,0.0,6.032988395770381
5.322661330665333e-05,0.0,6.026955407877611
5.332666333166583e-05,0.0,6.020928452972231
5.342671335667834e-05,0.0,6.014907525021254
5.352676338169084e-05,0.0,6.008892617997726
5.362681340670335e-05,0.0,6.002883725880719
5.3726863431715855e-05,0.0,5.996880842655329
5.3826913456728365e-05,0.0,5.9908839623126635
5.3926963481740874e-05,0.0,5.984893078849841
5.4027013506753377e-05,0.0,5.978908186269981
5.4127063531765886e-05,0.0,5.972929278582203
5.422711355677839e-05,0.0,5.966956349801614
5.43271635817909e-05,0.0,5.9609893939493075
5.44272136068034e-05,0.0,5.955028405052356
5.452726363181591e-05,0.0,5.949073377143804
5.462731365682841e-05,0.0,5.943124304262665
5.472736368184092e-05,0.0,5.937181180453909
5.4827413706853425e-05,0.0,5.931243999768468
5.4927463731865934e-05,0.0,5.925312756263217
5.502751375687844e-05,0.0,5.919387444000977
5.5127563781890946e-05,0.0,5.913468057050506
5.522761380690345e-05,0.0,5.90755458948649
5.532766383191596e-05,0.0,5.901647035389546
5.542771385692847e-05,0.0,5.895745388846207
5.552776388194097e-05,0.0,5.889849643948918
5.562781390695348e-05,0.0,5.883959794796035
5.572786393196598e-05,0.0,5.878075835491814
5.582791395697849e-05,0.0,5.872197760146407
5.5927963981990994e-05,0.0,5.866325562875856
5.6028014007003503e-05,0.0,5.860459237802084
5.6128064032016006e-05,0.0,5.854598779052899
5.6228114057028515e-05,0.0,5.8487441807619724
5.632816408204102e-05,0.0,5.84289543706885
5.642821410705353e-05,0.0,5.837052542118933
5.652826413206603e-05,0.0,5.831215490063478
5.662831415707854e-05,0.0,5.8253842750595926
5.672836418209105e-05,0.0,5.819558891270224
5.682841420710355e-05,0.0,5.813739332864159
5.692846423211606e-05,0.0,5.807925594016016
5.7028514257128563e-05,0.0,5.802117668906236
5.712856428214107e-05,0.0,5.796315551721081
5.7228614307153575e-05,0.0,5.790519236652628
5.7328664332166085e-05,0.0,5.784728717898759
5.742871435717859e-05,0.0,5.778943989663163
5.75287643821911e-05,0.0,5.773165046155319
5.76288144072036e-05,0.0,5.767391881590502
5.772886443221611e-05,0.0,5.761624490189767
5.782891445722861e-05,0.0,5.755862866179954
5.792896448224112e-05,0.0,5.750107003793669
5.802901450725363e-05,0.0,5.74435689726929
5.812906453226613e-05,0.0,5.738612540850957
5.822911455727864e-05,0.0,5.732873928788563
5.8329164582291145e-05,0.0,5.727141055337753
5.8429214607303654e-05,0.0,5.721413914759915
5.852926463231616e-05,0.0,5.715692501322178
5.8629314657328666e-05,0.0,5.709976809297402
5.872936468234117e-05,0.0,5.704266832964175
5.882941470735368e-05,0.0,5.698562566606803
5.892946473236618e-05,0.0,5.6928640045153145
5.902951475737869e-05,0.0,5.687171140985441
5.912956478239119e-05,0.0,5.681483970318624
5.92296148074037e-05,0.0,5.675802486822
5.932966483241621e-05,0.0,5.670126684808397
5.9429714857428714e-05,0.0,5.664456558596336
5.9529764882441224e-05,0.0,5.658792102510014
5.9629814907453726e-05,0.0,5.653133310879306
5.9729864932466236e-05,0.0,5.647480178039756
5.982991495747874e-05,0.0,5.641832698332575
5.992996498249125e-05,0.0,5.636190866104631
6.003001500750375e-05,0.0,5.630554675708443
6.013006503251626e-05,0.0,5.624924121502183
6.023011505752876e-05,0.0,5.619299197849658
6.033016508254127e-05,0.0,5.613679899120318
6.0430215107553774e-05,0.0,5.608066219689238
6.0530265132566284e-05,0.0,5.602458153937122
6.0630315157578786e-05,0.0,5.59685569625029
6.0730365182591296e-05,0.0,5.591258841020677
6.0830415207603805e-05,0.0,5.5856675826458275
6.093046523261631e-05,0.0,5.580081915528887
6.103051525762882e-05,0.0,5.574501834078598
6.113056528264133e-05,0.0,5.5689273327092925
6.123061530765382e-05,0.0,5.563358405840893
6.133066533266633e-05,0.0,5.557795047898897
6.143071535767884e-05,0.0,5.552237253314379
6.153076538269135e-05,0.0,5.546685016523983
6.163081540770385e-05,0.0,5.541138331969915
6.173086543271636e-05,0.0,5.535597194099937
6.183091545772887e-05,0.0,5.530061597367367
6.193096548274137e-05,0.0,5.524531536231069
6.203101550775388e-05,0.0,5.519007005155445
6.213106553276638e-05,0.0,5.5134879986104375
6.223111555777889e-05,0.0,5.507974511071514
6.23311655827914e-05,0.0,5.50246653701967
6.243121560780391e-05,0.0,5.496964070941418
6.25312656328164e-05,0.0,5.491467107328787
6.263131565782891e-05,0.0,5.485975640679309
6.273136568284142e-05,0.0,5.480489665496023
6.283141570785393e-05,0.0,5.475009176287463
6.293146573286643e-05,0.0,5.469534167567655
6.303151575787894e-05,0.0,5.464064633856109
6.313156578289145e-05,0.0,5.458600569677819
6.323161580790396e-05,0.0,5.453141969563252
6.333166583291645e-05,0.0,5.447688828048346
6.343171585792896e-05,0.0,5.442241139674498
6.353176588294147e-05,0.0,5.43679889898857
6.363181590795398e-05,0.0,5.4313621005428745
6.373186593296649e-05,0.0,5.425930738895172
6.383191595797899e-05,0.0,5.420504808608664
6.39319659829915e-05,0.0,5.41508430425199
6.4032016008004e-05,0.0,5.409669220399221
6.413206603301651e-05,0.0,5.404259551629853
6.423211605802901e-05,0.0,5.398855292528803
6.433216608304152e-05,0.0,5.393456437686404
6.443221610805403e-05,0.0,5.388062981698397
6.453226613306654e-05,0.0,5.382674919165928
6.463231615807903e-05,0.0,5.377292244695544
6.473236618309154e-05,0.0,5.371914952899179
6.483241620810405e-05,0.0,5.3665430383941635
6.493246623311656e-05,0.0,5.361176495803204
6.503251625812907e-05,0.0,5.35581531975439
6.513256628314157e-05,0.0,5.350459504881177
6.523261630815408e-05,0.0,5.34510904582239
6.533266633316659e-05,0.0,5.339763937222217
6.54327163581791e-05,0.0,5.334424173730197
6.553276638319159e-05,0.0,5.329089750001224
6.56328164082041e-05,0.0,5.323760660695536
6.573286643321661e-05,0.0,5.3184369004787095
6.583291645822912e-05,0.0,5.313118464021655
6.593296648324161e-05,0.0,5.307805346000615
6.603301650825412e-05,0.0,5.302497541097153
6.613306653326663e-05,0.0,5.297195043998151
6.623311655827914e-05,0.0,5.291897849395807
6.633316658329165e-05,0.0,5.286605951987623
6.643321660830415e-05,0.0,5.2813193464764066
6.653326663331666e-05,0.0,5.27603802757026
6.663331665832917e-05,0.0,5.270761989982579
6.673336668334168e-05,0.0,5.2654912284320465
6.683341670835417e-05,0.0,5.260225737642625
6.693346673336668e-05,0.0,5.254965512343554
6.703351675837919e-05,0.0,5.249710547269343
6.71335667833917e-05,0.0,5.244460837159768
6.72336168084042e-05,0.0,5.239216376759866
6.73336668334167e-05,0.0,5.233977160819926
6.743371685842921e-05,0.0,5.228743184095489
6.753376688344172e-05,0.0,5.22351444134734
6.763381690845423e-05,0.0,5.218290927341503
6.773386693346673e-05,0.0,5.213072636849237
6.783391695847924e-05,0.0,5.207859564647028
6.793396698349175e-05,0.0,5.202651705516585
6.803401700850426e-05,0.0,5.1974490542448395
6.813406703351675e-05,0.0,5.192251605623933
6.823411705852926e-05,0.0,5.187059354451212
6.833416708354177e-05,0.0,5.1818722955292325
6.843421710855428e-05,0.0,5.176690423665742
6.853426713356678e-05,0.0,5.171513733673683
6.863431715857929e-05,0.0,5.166342220371185
6.87343671835918e-05,0.0,5.161175878581557
6.88344172086043e-05,0.0,5.156014703133288
6.893446723361681e-05,0.0,5.150858688860037
6.903451725862931e-05,0.0,5.145707830600631
6.913456728364182e-05,0.0,5.140562123199054
6.923461730865433e-05,0.0,5.135421561504449
6.933466733366684e-05,0.0,5.13028614037111
6.943471735867933e-05,0.0,5.125155854658477
6.953476738369184e-05,0.0,5.120030699231129
6.963481740870435e-05,0.0,5.11491066895878
6.973486743371686e-05,0.0,5.109795758716277
6.983491745872936e-05,0.0,5.104685963383591
6.993496748374187e-05,0.0,5.099581277845809
7.003501750875438e-05,0.0,5.0944816969931415
7.013506753376689e-05,0.0,5.0893872157209
7.02351175587794e-05,0.0,5.0842978289295075
7.033516758379189e-05,0.0,5.0792135315244815
7.04352176088044e-05,0.0,5.074134318416436
7.053526763381691e-05,0.0,5.069060184521076
7.063531765882942e-05,0.0,5.063991124759188
7.073536768384192e-05,0.0,5.058927134056639
7.083541770885443e-05,0.0,5.053868207344371
7.093546773386693e-05,0.0,5.048814339558392
7.103551775887944e-05,0.0,5.043765525639778
7.113556778389194e-05,0.0,5.0387217605346635
7.123561780890445e-05,0.0,5.033683039194233
7.133566783391696e-05,0.0,5.0286493565747215
7.143571785892947e-05,0.0,5.02362070763741
7.153576788394198e-05,0.0,5.018597087348617
7.163581790895447e-05,0.0,5.013578490679694
7.173586793396698e-05,0.0,5.008564912607022
7.183591795897949e-05,0.0,5.003556348112004
7.1935967983992e-05,0.0,4.998552792181063
7.20360180090045e-05,0.0,4.993554239805636
7.213606803401701e-05,0.0,4.9885606859821685
7.223611805902952e-05,0.0,4.983572125712108
7.233616808404203e-05,0.0,4.978588554001901
7.243621810905452e-05,0.0,4.973609965862989
7.253626813406703e-05,0.0,4.9686363563118014
7.263631815907954e-05,0.0,4.963667720369749
7.273636818409205e-05,0.0,4.958704053063225
7.283641820910456e-05,0.0,4.953745349423594
7.293646823411706e-05,0.0,4.948791604487189
7.303651825912956e-05,0.0,4.943842813295308
7.313656828414207e-05,0.0,4.938898970894205
7.323661830915458e-05,0.0,4.933960072335092
7.333666833416708e-05,0.0,4.929026112674126
7.343671835917959e-05,0.0,4.9240970869724086
7.35367683841921e-05,0.0,4.9191729902959835
7.363681840920461e-05,0.0,4.9142538177158235
7.37368684342171e-05,0.0,4.9093395643078335
7.383691845922961e-05,0.0,4.904430225152842
7.393696848424212e-05,0.0,4.899525795336596
7.403701850925463e-05,0.0,4.894626269949757
7.413706853426713e-05,0.0,4.889731644087897
7.423711855927964e-05,0.0,4.884841912851491
7.433716858429215e-05,0.0,4.879957071345913
7.443721860930466e-05,0.0,4.875077114681433
7.453726863431716e-05,0.0,4.870202037973211
7.463731865932966e-05,0.0,4.865331836341292
7.473736868434217e-05,0.0,4.8604665049105975
7.483741870935468e-05,0.0,4.855606038810928
7.493746873436719e-05,0.0,4.8507504331769535
7.503751875937968e-05,0.0,4.845899683148208
7.51375687843922e-05,0.0,4.8410537838690875
7.52376188094047e-05,0.0,4.836212730488841
7.533766883441721e-05,0.0,4.831376518161571
7.543771885942971e-05,0.0,4.826545142046226
7.553776888444222e-05,0.0,4.821718597306593
7.563781890945473e-05,0.0,4.816896879111297
7.573786893446724e-05,0.0,4.8120799826337946
7.583791895947975e-05,0.0,4.8072679030523675
7.593796898449224e-05,0.0,4.802460635550122
7.603801900950475e-05,0.0,4.797658175314977
7.613806903451726e-05,0.0,4.792860517539666
7.623811905952977e-05,0.0,4.788067657421731
7.633816908454227e-05,0.0,4.783279590163515
7.643821910955478e-05,0.0,4.778496310972158
7.653826913456728e-05,0.0,4.773717815059593
7.66383191595798e-05,0.0,4.7689440976425415
7.673836918459229e-05,0.0,4.764175153942511
7.68384192096048e-05,0.0,4.75941097918578
7.693846923461731e-05,0.0,4.754651568603411
7.703851925962982e-05,0.0,4.749896917431227
7.713856928464233e-05,0.0,4.745147020909818
7.723861930965482e-05,0.0,4.740401874284536
7.733866933466733e-05,0.0,4.735661472805481
7.743871935967984e-05,0.0,4.730925811727512
7.753876938469235e-05,0.0,4.726194886310226
7.763881940970485e-05,0.0,4.721468691817962
7.773886943471736e-05,0.0,4.716747223519796
7.783891945972987e-05,0.0,4.712030476689535
7.793896948474238e-05,0.0,4.707318446605711
7.803901950975487e-05,0.0,4.702611128551578
7.813906953476738e-05,0.0,4.697908517815107
7.823911955977989e-05,0.0,4.693210609688981
7.83391695847924e-05,0.0,4.688517399470587
7.843921960980491e-05,0.0,4.683828882462023
7.85392696348174e-05,0.0,4.679145053970075
7.863931965982991e-05,0.0,4.674465909306228
7.873936968484242e-05,0.0,4.6697914437866554
7.883941970985493e-05,0.0,4.665121652732212
7.893946973486743e-05,0.0,4.660456531468435
7.903951975987994e-05,0.0,4.655796075325533
7.913956978489245e-05,0.0,4.651140279638384
7.923961980990496e-05,0.0,4.646489139746534
7.933966983491745e-05,0.0,4.641842650994189
7.943971985992996e-05,0.0,4.637200808730209
7.953976988494247e-05,0.0,4.632563608308105
7.963981990995498e-05,0.0,4.627931045086037
7.973986993496749e-05,0.0,4.623303114426805
7.983991995997999e-05,0.0,4.618679811697846
7.99399699849925e-05,0.0,4.614061132271231
8.0040020010005e-05,0.0,4.609447071523657
8.014007003501751e-05,0.0,4.6048376248364455
8.024012006003001e-05,0.0,4.600232787595537
8.034017008504252e-05,0.0,4.595632555191487
8.044022011005503e-05,0.0,4.591036923019456
8.054027013506754e-05,0.0,4.586445886479214
8.064032016008003e-05,0.0,4.581859440975131
8.074037018509254e-05,0.0,4.577277581916167
8.084042021010505e-05,0.0,4.572700304715882
8.094047023511756e-05,0.0,4.568127604792415
8.104052026013007e-05,0.0,4.56355947756849
8.114057028514257e-05,0.0,4.558995918471409
8.124062031015508e-05,0.0,4.554436922933044
8.134067033516759e-05,0.0,4.549882486389837
8.14407203601801e-05,0.0,4.545332604282794
8.154077038519259e-05,0.0,4.540787272057478
8.16408204102051e-05,0.0,4.536246485164009
8.174087043521761e-05,0.0,4.5317102390570545
8.184092046023012e-05,0.0,4.527178529195829
8.194097048524262e-05,0.0,4.522651351044086
8.204102051025512e-05,0.0,4.518128700070118
8.214107053526763e-05,0.0,4.513610571746748
8.224112056028014e-05,0.0,4.509096961551323
8.234117058529265e-05,0.0,4.504587864965717
8.244122061030515e-05,0.0,4.500083277476322
8.254127063531766e-05,0.0,4.49558319457404
8.264132066033017e-05,0.0,4.491087611754285
8.274137068534268e-05,0.0,4.486596524516975
8.284142071035517e-05,0.0,4.482109928366529
8.294147073536768e-05,0.0,4.4776278188118575
8.304152076038019e-05,0.0,4.4731501913663685
8.31415707853927e-05,0.0,4.46867704154795
8.32416208104052e-05,0.0,4.464208364878979
8.33416708354177e-05,0.0,4.459744156886304
8.344172086043022e-05,0.0,4.455284413101249
8.354177088544273e-05,0.0,4.450829129059606
8.364182091045523e-05,0.0,4.446378300301634
8.374187093546773e-05,0.0,4.44193192237205
8.384192096048024e-05,0.0,4.437489990820024
8.394197098549275e-05,0.0,4.43305250119918
8.404202101050526e-05,0.0,4.428619449067586
8.414207103551775e-05,0.0,4.424190829987755
8.424212106053026e-05,0.0,4.419766639526634
8.434217108554277e-05,0.0,4.415346873255606
8.444222111055528e-05,0.0,4.410931526750479
8.454227113556778e-05,0.0,4.406520595591491
8.464232116058029e-05,0.0,4.4021140753632935
8.47423711855928e-05,0.0,4.397711961654956
8.48424212106053e-05,0.0,4.39331425005996
8.494247123561782e-05,0.0,4.388920936176192
8.504252126063031e-05,0.0,4.384532015605943
8.514257128564282e-05,0.0,4.380147483955898
8.524262131065533e-05,0.0,4.375767336837137
8.534267133566784e-05,0.0,4.3713915698651284
8.544272136068034e-05,0.0,4.367020178659729
8.554277138569285e-05,0.0,4.36265315884517
8.564282141070535e-05,0.0,4.358290506050061
8.574287143571786e-05,0.0,4.353932215907383
8.584292146073036e-05,0.0,4.349578284054485
8.594297148574287e-05,0.0,4.345228706133076
8.604302151075538e-05,0.0,4.340883477789227
8.614307153576789e-05,0.0,4.336542594673358
8.624312156078038e-05,0.0,4.332206052440245
8.634317158579289e-05,0.0,4.327873846749003
8.64432216108054e-05,0.0,4.32354597326309
8.654327163581791e-05,0.0,4.319222427650303
8.664332166083042e-05,0.0,4.314903205582767
8.674337168584292e-05,0.0,4.3105883027369405
8.684342171085543e-05,0.0,4.306277714793598
8.694347173586794e-05,0.0,4.301971437437841
8.704352176088045e-05,0.0,4.297669466359079
8.714357178589294e-05,0.0,4.293371797251039
8.724362181090545e-05,0.0,4.289078425811748
8.734367183591796e-05,0.0,4.284789347743538
8.744372186093047e-05,0.0,4.280504558753039
8.754377188594297e-05,0.0,4.2762240545511725
8.764382191095547e-05,0.0,4.2719478308531516
8.774387193596798e-05,0.0,4.267675883378472
8.78439219609805e-05,0.0,4.263408207850912
8.7943971985993e-05,0.0,4.259144799998522
8.80440220110055e-05,0.0,4.25488565555363
8.814407203601801e-05,0.0,4.250630770252827
8.824412206103052e-05,0.0,4.246380139836972
8.834417208604303e-05,0.0,4.242133760051176
8.844422211105552e-05,0.0,4.237891626644814
8.854427213606803e-05,0.0,4.233653735371503
8.864432216108054e-05,0.0,4.229420081989112
8.874437218609305e-05,0.0,4.225190662259751
8.884442221110555e-05,0.0,4.220965471949766
8.894447223611806e-05,0.0,4.216744506829739
8.904452226113057e-05,0.0,4.212527762674481
8.914457228614307e-05,0.0,4.208315235263026
8.924462231115558e-05,0.0,4.2041069203786305
8.934467233616808e-05,0.0,4.19990281380877
8.944472236118059e-05,0.0,4.195702911345128
8.95447723861931e-05,0.0,4.1915072087836
8.964482241120561e-05,0.0,4.187315701924283
8.97448724362181e-05,0.0,4.183128386571477
8.984492246123061e-05,0.0,4.178945258533673
8.994497248624312e-05,0.0,4.174766313623559
9.004502251125563e-05,0.0,4.170591547658007
9.014507253626813e-05,0.0,4.166420956458072
9.024512256128064e-05,0.0,4.162254535848989
9.034517258629315e-05,0.0,4.158092281660169
9.044522261130566e-05,0.0,4.153934189725189
9.054527263631817e-05,0.0,4.149780255881798
9.064532266133066e-05,0.0,4.145630475971905
9.074537268634317e-05,0.0,4.141484845841575
9.084542271135568e-05,0.0,4.1373433613410295
9.094547273636819e-05,0.0,4.133206018324639
9.104552276138069e-05,0.0,4.1290728126509215
9.11455727863932e-05,0.0,4.124943740182531
9.12456228114057e-05,0.0,4.120818796786266
9.134567283641821e-05,0.0,4.116697978333053
9.144572286143071e-05,0.0,4.11258128069795
9.154577288644322e-05,0.0,4.108468699760139
9.164582291145573e-05,0.0,4.1043602314029215
9.174587293646824e-05,0.0,4.10025587151372
9.184592296148075e-05,0.0,4.096155615984065
9.194597298649324e-05,0.0,4.092059460709598
9.204602301150575e-05,0.0,4.087967401590064
9.214607303651826e-05,0.0,4.083879434529308
9.224612306153077e-05,0.0,4.079795555435273
9.234617308654327e-05,0.0,4.075715760219991
9.244622311155578e-05,0.0,4.071640044799583
9.254627313656829e-05,0.0,4.067568405094256
9.26463231615808e-05,0.0,4.063500837028296
9.274637318659329e-05,0.0,4.0594373365300624
9.28464232116058e-05,0.0,4.055377899531988
9.294647323661831e-05,0.0,4.051322521970573
9.304652326163082e-05,0.0,4.0472711997863815
9.314657328664333e-05,0.0,4.043223928924037
9.324662331165582e-05,0.0,4.039180705332216
9.334667333666833e-05,0.0,4.035141524963651
9.344672336168084e-05,0.0,4.031106383775117
9.354677338669335e-05,0.0,4.027075277727435
9.364682341170585e-05,0.0,4.023048202785466
9.374687343671836e-05,0.0,4.019025154918102
9.384692346173087e-05,0.0,4.01500613009827
9.394697348674338e-05,0.0,4.010991124302922
9.404702351175587e-05,0.0,4.006980133513037
9.414707353676838e-05,0.0,4.002973153713605
9.424712356178089e-05,0.0,3.9989701808936395
9.43471735867934e-05,0.0,3.99497121104616
9.444722361180591e-05,0.0,3.9909762401681945
9.45472736368184e-05,0.0,3.9869852642607744
9.464732366183092e-05,0.0,3.9829982793289282
9.474737368684342e-05,0.0,3.9790152813816815
9.484742371185593e-05,0.0,3.975036266432051
9.494747373686843e-05,0.0,3.9710612304970376
9.504752376188094e-05,0.0,3.967090169597628
9.514757378689345e-05,0.0,3.9631230797587857
9.524762381190596e-05,0.0,3.9591599570094527
9.534767383691845e-05,0.0,3.9552007973825387
9.544772386193096e-05,0.0,3.9512455969149207
9.554777388694347e-05,0.0,3.9472943516474412
9.564782391195598e-05,0.0,3.9433470576248992
9.574787393696849e-05,0.0,3.939403710896051
9.584792396198099e-05,0.0,3.9354643075136027
9.59479739869935e-05,0.0,3.9315288435342084
9.6048024012006e-05,0.0,3.9275973150184655
9.614807403701852e-05,0.0,3.923669718030911
9.624812406203101e-05,0.0,3.919746048640016
9.634817408704352e-05,0.0,3.9158263029181843
9.644822411205603e-05,0.0,3.9119104769417485
9.654827413706854e-05,0.0,3.9079985667909622
9.664832416208104e-05,0.0,3.9040905685500014
9.674837418709354e-05,0.0,3.9001864783069546
9.684842421210605e-05,0.0,3.8962862921538255
9.694847423711856e-05,0.0,3.892390006186525
9.704852426213106e-05,0.0,3.8884976165048664
9.714857428714357e-05,0.0,3.8846091192125645
9.724862431215608e-05,0.0,3.8807245104172314
9.734867433716859e-05,0.0,3.8768437862303697
9.74487243621811e-05,0.0,3.872966942767371
9.754877438719359e-05,0.0,3.869093976147513
9.76488244122061e-05,0.0,3.8652248824939512
9.774887443721861e-05,0.0,3.86135965793372
9.784892446223112e-05,0.0,3.857498298597727
9.794897448724362e-05,0.0,3.8536408006207488
9.804902451225613e-05,0.0,3.849787160141425
9.814907453726864e-05,0.0,3.84593737330226
9.824912456228114e-05,0.0,3.8420914362496124
9.834917458729364e-05,0.0,3.838249345133698
9.844922461230615e-05,0.0,3.8344110961085778
9.854927463731866e-05,0.0,3.8305766853321632
9.864932466233117e-05,0.0,3.826746108966205
9.874937468734368e-05,0.0,3.822919363176294
9.884942471235617e-05,0.0,3.819096444131854
9.894947473736868e-05,0.0,3.81527734800614
9.904952476238119e-05,0.0,3.8114620709762317
9.91495747873937e-05,0.0,3.807650609223036
9.92496248124062e-05,0.0,3.8038429589312766
9.934967483741871e-05,0.0,3.8000391162894904
9.944972486243122e-05,0.0,3.796239077490029
9.954977488744373e-05,0.0,3.79244283872905
9.964982491245622e-05,0.0,3.788650396206517
9.974987493746873e-05,0.0,3.7848617461261886
9.984992496248124e-05,0.0,3.7810768846956258
9.994997498749375e-05,0.0,3.7772958081261776
0.00010005002501250626,100.0,3.7785197628412917
0.00010015007503751876,100.0,3.7847412425597335
0.00010025012506253126,100.0,3.790956500798977
0.00010035017508754377,100.0,3.7971655437804985
0.00010045022511255628,100.0,3.8033683777195577
0.00010055027513756878,100.0,3.809565008825193
0.00010065032516258129,100.0,3.8157554433002403
0.0001007503751875938,100.0,3.8219396873413283
0.00010085042521260631,100.0,3.828117747138891
0.0001009504752376188,100.0,3.8342896288771717
0.00010105052526263131,100.0,3.8404553387342277
0.00010115057528764382,100.0,3.8466148828819415
0.00010125062531265633,100.0,3.852768267486021
0.00010135067533766884,100.0,3.8589154987060104
0.00010145072536268134,100.0,3.8650565826952903
0.00010155077538769385,100.0,3.8711915256010947
0.00010165082541270636,100.0,3.877320333564504
0.00010175087543771886,100.0,3.883443012720461
0.00010185092546273136,100.0,3.8895595691977727
0.00010195097548774387,100.0,3.895670009119117
0.00010205102551275638,100.0,3.901774338601049
0.00010215107553776889,100.0,3.907872563754008
0.00010225112556278138,100.0,3.913964690682323
0.0001023511755877939,100.0,3.9200507254842174
0.0001024512256128064,100.0,3.9261306742518176
0.00010255127563781891,100.0,3.9322045430711565
0.00010265132566283142,100.0,3.938272338022183
0.00010275137568784392,100.0,3.9443340651787633
0.00010285142571285643,100.0,3.950389730608694
0.00010295147573786894,100.0,3.9564393403736995
0.00010305152576288145,100.0,3.9624829005294435
0.00010315157578789394,100.0,3.9685204171255357
0.00010325162581290645,100.0,3.9745518962055355
0.00010335167583791896,100.0,3.9805773438069583
0.00010345172586293147,100.0,3.9865967659612824
0.00010355177588794397,100.0,3.992610168693953
0.00010365182591295648,100.0,3.9986175580243932
0.00010375187593796898,100.0,4.0046189399660035
0.0001038519259629815,100.0,4.010614320526173
0.000103951975987994,100.0,4.016603705706282
0.0001040520260130065,100.0,4.022587101501709
0.00010415207603801901,100.0,4.0285645139018404
0.00010425212606303152,100.0,4.0345359488900705
0.00010435217608804403,100.0,4.04050141244381
0.00010445222611305652,100.0,4.046460910534492
0.00010455227613806903,100.0,4.052414449127581
0.00010465232616308154,100.0,4.058362034182574
0.00010475237618809405,100.0,4.064303671653008
0.00010485242621310655,100.0,4.070239367486465
0.00010495247623811906,100.0,4.076169127624585
0.00010505252626313157,100.0,4.082092958003061
0.00010515257628814408,100.0,4.088010864551653
0.00010525262631315659,100.0,4.093922853194189
0.00010535267633816908,100.0,4.099828929848575
0.00010545272636318159,100.0,4.1057291004267995
0.0001055527763881941,100.0,4.111623370834939
0.00010565282641320661,100.0,4.11751174697316
0.0001057528764382191,100.0,4.123394234735734
0.00010585292646323161,100.0,4.129270840011036
0.00010595297648824412,100.0,4.135141568681553
0.00010605302651325663,100.0,4.141006426623889
0.00010615307653826913,100.0,4.146865419708771
0.00010625312656328164,100.0,4.152718553801057
0.00010635317658829415,100.0,4.158565834759739
0.00010645322661330666,100.0,4.16440726843795
0.00010655327663831917,100.0,4.170242860682969
0.00010665332666333166,100.0,4.17607261733623
0.00010675337668834417,100.0,4.181896544233323
0.00010685342671335668,100.0,4.1877146472040065
0.00010695347673836919,100.0,4.193526932072203
0.00010705352676338169,100.0,4.199333404656016
0.0001071535767883942,100.0,4.205134070767729
0.0001072536268134067,100.0,4.210928936213815
0.00010735367683841921,100.0,4.216718006794937
0.00010745372686343171,100.0,4.22250128830596
0.00010755377688844422,100.0,4.228278786535956
0.00010765382691345673,100.0,4.234050507268202
0.00010775387693846924,100.0,4.239816456280198
0.00010785392696348175,100.0,4.245576639343663
0.00010795397698849424,100.0,4.251331062224543
0.00010805402701350675,100.0,4.2570797306830235
0.00010815407703851926,100.0,4.262822650473525
0.00010825412706353177,100.0,4.268559827344714
0.00010835417708854427,100.0,4.2742912670395095
0.00010845422711355678,100.0,4.280016975295089
0.00010855427713856929,100.0,4.285736957842891
0.0001086543271635818,100.0,4.2914512204086215
0.00010875437718859429,100.0,4.2971597687122625
0.0001088544272136068,100.0,4.302862608468076
0.00010895447723861931,100.0,4.308559745384609
0.00010905452726363182,100.0,4.314251185164701
0.00010915457728864432,100.0,4.319936933505486
0.00010925462731365683,100.0,4.325616996098405
0.00010935467733866933,100.0,4.331291378629205
0.00010945472736368184,100.0,4.336960086777947
0.00010955477738869435,100.0,4.342623126219014
0.00010965482741370685,100.0,4.34828050262111
0.00010975487743871936,100.0,4.353932221647277
0.00010985492746373187,100.0,4.359578288954888
0.00010995497748874438,100.0,4.365218710195664
0.00011005502751375687,100.0,4.370853491015668
0.00011015507753876938,100.0,4.376482637055322
0.00011025512756378189,100.0,4.382106153949406
0.0001103551775887944,100.0,4.3877240473270644
0.0001104552276138069,100.0,4.393336322811814
0.0001105552776388194,100.0,4.398942986021546
0.00011065532766383192,100.0,4.404544042568537
0.00011075537768884443,100.0,4.410139498059447
0.00011085542771385693,100.0,4.415729358095334
0.00011095547773886943,100.0,4.421313628271649
0.00011105552776388194,100.0,4.426892314178254
0.00011115557778889445,100.0,4.432465421399418
0.00011125562781390696,100.0,4.438032955513825
0.00011135567783891945,100.0,4.443594922094582
0.00011145572786393196,100.0,4.449151326709222
0.00011155577788894447,100.0,4.454702174919712
0.00011165582791395698,100.0,4.460247472282452
0.00011175587793896948,100.0,4.465787224348293
0.00011185592796398199,100.0,4.471321436662529
0.0001119559779889945,100.0,4.476850114764913
0.00011205602801400701,100.0,4.482373264189656
0.00011215607803901952,100.0,4.487890890465434
0.00011225612806403201,100.0,4.493402999115396
0.00011235617808904452,100.0,4.498909595657168
0.00011245622811405703,100.0,4.504410685602858
0.00011255627813906954,100.0,4.509906274459061
0.00011265632816408204,100.0,4.515396367726864
0.00011275637818909455,100.0,4.5208809709018585
0.00011285642821410705,100.0,4.526360089474135
0.00011295647823911956,100.0,4.531833728928296
0.00011305652826413206,100.0,4.537301894743459
0.00011315657828914457,100.0,4.542764592393263
0.00011325662831415708,100.0,4.5482218273458725
0.00011335667833916959,100.0,4.553673605063985
0.0001134567283641821,100.0,4.559119931004834
0.0001135567783891946,100.0,4.564560810620195
0.0001136568284142071,100.0,4.569996249356396
0.00011375687843921961,100.0,4.575426252654313
0.00011385692846423212,100.0,4.580850825949384
0.00011395697848924462,100.0,4.5862699746716125
0.00011405702851425713,100.0,4.591683704245572
0.00011415707853926964,100.0,4.597092020090408
0.00011425712856428215,100.0,4.60249492761985
0.00011435717858929464,100.0,4.607892432242212
0.00011445722861430715,100.0,4.613284539360403
0.00011455727863931966,100.0,4.618671254371926
0.00011465732866433217,100.0,4.624052582668885
0.00011475737868934468,100.0,4.629428529637997
0.00011485742871435717,100.0,4.634799100660587
0.00011495747873936968,100.0,4.640164301112603
0.0001150575287643822,100.0,4.645524136364615
0.0001151575787893947,100.0,4.65087861178182
0.0001152576288144072,100.0,4.656227732724055
0.00011535767883941971,100.0,4.661571504545794
0.00011545772886443222,100.0,4.666909932596157
0.00011555777888944473,100.0,4.672243022218915
0.00011565782891445722,100.0,4.677570778752493
0.00011575787893946973,100.0,4.6828932075299825
0.00011585792896448224,100.0,4.688210313879139
0.00011595797898949475,100.0,4.6935221031223895
0.00011605802901450726,100.0,4.69882858057684
0.00011615807903951976,100.0,4.7041297515542775
0.00011625812906453227,100.0,4.70942562136118
0.00011635817908954478,100.0,4.714716195298717
0.00011645822911455728,100.0,4.720001478662758
0.00011655827913956978,100.0,4.725281476743875
0.00011665832916458229,100.0,4.730556194827352
0.0001167583791895948,100.0,4.735825638193185
0.00011685842921460731,100.0,4.741089812116091
0.0001169584792396198,100.0,4.7463487218655125
0.00011705852926463231,100.0,4.751602372705624
0.00011715857928964482,100.0,4.756850769895333
0.00011725862931465733,100.0,4.762093918688291
0.00011735867933966984,100.0,4.767331824332891
0.00011745872936468234,100.0,4.772564492072284
0.00011755877938969485,100.0,4.777791927144375
0.00011765882941470736,100.0,4.783014134781829
0.00011775887943971987,100.0,4.788231120212081
0.00011785892946473236,100.0,4.793442888657338
0.00011795897948974487,100.0,4.798649445334584
0.00011805902951475738,100.0,4.8038507954555865
0.00011815907953976989,100.0,4.8090469442269015
0.00011825912956478239,100.0,4.814237896849878
0.0001183591795897949,100.0,4.819423658520666
0.0001184592296148074,100.0,4.824604234430215
0.00011855927963981991,100.0,4.829779629764286
0.00011865932966483242,100.0,4.834949849703455
0.00011875937968984492,100.0,4.8401148994231145
0.00011885942971485743,100.0,4.845274784093486
0.00011895947973986994,100.0,4.850429508879618
0.00011905952976488245,100.0,4.855579078941393
0.00011915957978989494,100.0,4.860723499433535
0.00011925962981490745,100.0,4.865862775505614
0.00011935967983991996,100.0,4.87099691230205
0.00011945972986493247,100.0,4.876125914962117
0.00011955977988994497,100.0,4.881249788619951
0.00011965982991495748,100.0,4.886368538404556
0.00011975987993996999,100.0,4.891482169439802
0.0001198599299649825,100.0,4.89659068684444
0.00011995997998999499,100.0,4.901694095732098
0.0001200600300150075,100.0,4.906792401211295
0.00012016008004002001,100.0,4.911885608385438
0.00012026013006503252,100.0,4.9169737223528305
0.00012036018009004503,100.0,4.92205674820668
0.00012046023011505752,100.0,4.9271346910351
0.00012056028014007003,100.0,4.9322075559211145
0.00012066033016508254,100.0,4.937275347942666
0.00012076038019009505,100.0,4.942338072172619
0.00012086043021510755,100.0,4.947395733678763
0.00012096048024012006,100.0,4.9524483375238235
0.00012106053026513257,100.0,4.95749588876546
0.00012116058029014508,100.0,4.962538392456277
0.00012126063031515757,100.0,4.9675758536438215
0.00012136068034017008,100.0,4.9726082773705995
0.00012146073036518259,100.0,4.97763566867407
0.0001215607803901951,100.0,4.982658032586656
0.00012166083041520761,100.0,4.9876753741357485
0.0001217608804402201,100.0,4.99268769834371
0.00012186093046523262,100.0,4.997695010227882
0.00012196098049024512,100.0,5.002697314800586
0.00012206103051525763,100.0,5.007694617069135
0.00012216108054027014,100.0,5.012686922035834
0.00012226113056528265,100.0,5.017674234697981
0.00012236118059029514,100.0,5.02265656004788
0.00012246123061530764,100.0,5.027633903072846
0.00012256128064032015,100.0,5.0326062687552024
0.00012266133066533266,100.0,5.03757366207229
0.00012276138069034517,100.0,5.042536087996476
0.00012286143071535768,100.0,5.047493551495151
0.0001229614807403702,100.0,5.052446057530741
0.0001230615307653827,100.0,5.057393611060708
0.0001231615807903952,100.0,5.062336217037558
0.0001232616308154077,100.0,5.067273880408841
0.0001233616808404202,100.0,5.072206606117166
0.0001234617308654327,100.0,5.077134399100195
0.00012356178089044522,100.0,5.0820572642906505
0.00012366183091545773,100.0,5.0869752066163265
0.00012376188094047024,100.0,5.091888231000087
0.00012386193096548275,100.0,5.096796342359873
0.00012396198099049526,100.0,5.101699545608708
0.00012406203101550777,100.0,5.106597845654704
0.00012416208104052025,100.0,5.1114912474010605
0.00012426213106553276,100.0,5.116379755746081
0.00012436218109054527,100.0,5.121263375583163
0.00012446223111555778,100.0,5.126142111800815
0.0001245622811405703,100.0,5.1310159692826565
0.0001246623311655828,100.0,5.135884952907422
0.0001247623811905953,100.0,5.1407490675489695
0.00012486243121560782,100.0,5.14560831807628
0.0001249624812406203,100.0,5.150462709353468
0.0001250625312656328,100.0,5.1553122462397845
0.00012516258129064532,100.0,5.160156933589619
0.00012526263131565783,100.0,5.164996776252507
0.00012536268134067034,100.0,5.169831779073136
0.00012546273136568284,100.0,5.174661946891348
0.00012556278139069535,100.0,5.179487284542144
0.00012566283141570786,100.0,5.184307796855692
0.00012576288144072037,100.0,5.189123488657327
0.00012586293146573286,100.0,5.193934364767562
0.00012596298149074536,100.0,5.19874043000209
0.00012606303151575787,100.0,5.203541689171782
0.00012616308154077038,100.0,5.208338147082706
0.0001262631315657829,100.0,5.213129808536118
0.0001263631815907954,100.0,5.217916678328478
0.0001264632316158079,100.0,5.2226987612514435
0.00012656328164082042,100.0,5.227476062091884
0.0001266633316658329,100.0,5.232248585631882
0.0001267633816908454,100.0,5.237016336648738
0.00012686343171585792,100.0,5.241779319914976
0.00012696348174087043,100.0,5.246537540198345
0.00012706353176588294,100.0,5.251291002261826
0.00012716358179089545,100.0,5.256039710863641
0.00012726363181590796,100.0,5.260783670757251
0.00012736368184092047,100.0,5.26552288669136
0.00012746373186593298,100.0,5.2702573634099315
0.00012756378189094546,100.0,5.274987105652178
0.00012766383191595797,100.0,5.279712118152578
0.00012776388194097048,100.0,5.284432405640873
0.000127863931965983,100.0,5.289147972842071
0.0001279639819909955,100.0,5.293858824476462
0.000128064032016008,100.0,5.298564965259611
0.00012816408204102052,100.0,5.303266399902369
0.00012826413206603303,100.0,5.307963133110877
0.00012836418209104554,100.0,5.312655169586567
0.00012846423211605802,100.0,5.317342514026172
0.00012856428214107053,100.0,5.32202517112173
0.00012866433216608304,100.0,5.3267031455605816
0.00012876438219109555,100.0,5.331376442025386
0.00012886443221610806,100.0,5.336045065194114
0.00012896448224112057,100.0,5.3407090197400615
0.00012906453226613307,100.0,5.345368310331853
0.00012916458229114558,100.0,5.350022941633442
0.00012926463231615807,100.0,5.354672918304115
0.00012936468234117058,100.0,5.359318244998508
0.00012946473236618309,100.0,5.3639589263665926
0.0001295647823911956,100.0,5.368594967053696
0.0001296648324162081,100.0,5.373226371700499
0.0001297648824412206,100.0,5.377853144943042
0.00012986493246623312,100.0,5.382475291412726
0.00012996498249124563,100.0,5.387092815736328
0.00013006503251625814,100.0,5.391705722535991
0.00013016508254127062,100.0,5.396314016429237
0.00013026513256628313,100.0,5.400917702028975
0.00013036518259129564,100.0,5.405516783943498
0.00013046523261630815,100.0,5.4101112667764895
0.00013056528264132066,100.0,5.414701155127031
0.00013066533266633317,100.0,5.419286453589605
0.00013076538269134568,100.0,5.423867166754099
0.0001308654327163582,100.0,5.428443299205809
0.0001309654827413707,100.0,5.4330148555254505
0.00013106553276638318,100.0,5.437581840289151
0.0001311655827913957,100.0,5.4421442580684705
0.0001312656328164082,100.0,5.4467021134303915
0.0001313656828414207,100.0,5.451255410937329
0.00013146573286643322,100.0,5.45580415514714
0.00013156578289144573,100.0,5.4603483506131205
0.00013166583291645824,100.0,5.464888001884014
0.00013176588294147075,100.0,5.469423113504016
0.00013186593296648323,100.0,5.473953690012774
0.00013196598299149574,100.0,5.478479735945402
0.00013206603301650825,100.0,5.483001255832475
0.00013216608304152076,100.0,5.487518254200038
0.00013226613306653327,100.0,5.492030735569609
0.00013236618309154578,100.0,5.496538704458188
0.00013246623311655829,100.0,5.501042165378254
0.0001325662831415708,100.0,5.5055411228377755
0.0001326663331665833,100.0,5.510035581340212
0.0001327663831915958,100.0,5.51452554538452
0.0001328664332166083,100.0,5.519011019465159
0.0001329664832416208,100.0,5.5234920080720915
0.00013306653326663331,100.0,5.527968515690791
0.00013316658329164582,100.0,5.532440546802244
0.00013326663331665833,100.0,5.536908105882959
0.00013336668334167084,100.0,5.541371197404966
0.00013346673336668335,100.0,5.545829825835823
0.00013356678339169586,100.0,5.550283995638621
0.00013366683341670834,100.0,5.554733711271986
0.00013376688344172085,100.0,5.55917897719009
0.00013386693346673336,100.0,5.563619797842647
0.00013396698349174587,100.0,5.5680561776749204
0.00013406703351675838,100.0,5.572488121127733
0.0001341670835417709,100.0,5.576915632637461
0.0001342671335667834,100.0,5.581338716636049
0.0001343671835917959,100.0,5.585757377551007
0.0001344672336168084,100.0,5.590171619805417
0.0001345672836418209,100.0,5.5945814478179425
0.0001346673336668334,100.0,5.598986866002823
0.00013476738369184592,100.0,5.603387878769886
0.00013486743371685843,100.0,5.607784490524549
0.00013496748374187094,100.0,5.612176705667824
0.00013506753376688345,100.0,5.616564528596321
0.00013516758379189596,100.0,5.620947963702256
0.00013526763381690847,100.0,5.62532701537345
0.00013536768384192095,100.0,5.629701687993337
0.00013546773386693346,100.0,5.63407198594097
0.00013556778389194597,100.0,5.63843791359102
0.00013566783391695848,100.0,5.642799475313784
0.000135767883941971,100.0,5.647156675475189
0.0001358679339669835,100.0,5.651509518436795
0.000135967983991996,100.0,5.6558580085558035
0.00013606803401700852,100.0,5.660202150185055
0.00013616808404202102,100.0,5.6645419476730385
0.0001362681340670335,100.0,5.668877405363896
0.00013636818409204602,100.0,5.673208527597425
0.00013646823411705853,100.0,5.677535318709081
0.00013656828414207103,100.0,5.681857783029987
0.00013666833416708354,100.0,5.686175924886932
0.00013676838419209605,100.0,5.6904897486023795
0.00013686843421710856,100.0,5.694799258494473
0.00013696848424212107,100.0,5.699104458877032
0.00013706853426713355,100.0,5.703405354059567
0.00013716858429214606,100.0,5.707701948347278
0.00013726863431715857,100.0,5.711994246041061
0.00013736868434217108,100.0,5.716282251437508
0.0001374687343671836,100.0,5.7205659688289145
0.0001375687843921961,100.0,5.724845402503288
0.0001376688344172086,100.0,5.729120556744344
0.00013776888444222112,100.0,5.733391435831515
0.00013786893446723363,100.0,5.737658044039955
0.0001379689844922461,100.0,5.741920385640541
0.00013806903451725862,100.0,5.7461784648998835
0.00013816908454227113,100.0,5.750432286080321
0.00013826913456728364,100.0,5.7546818534399335
0.00013836918459229615,100.0,5.75892717123254
0.00013846923461730866,100.0,5.7631682437077085
0.00013856928464232117,100.0,5.767405075110755
0.00013866933466733368,100.0,5.771637669682751
0.00013876938469234616,100.0,5.775866031660528
0.00013886943471735867,100.0,5.780090165276681
0.00013896948474237118,100.0,5.784310074759569
0.0001390695347673837,100.0,5.788525764333326
0.0001391695847923962,100.0,5.792737238217861
0.0001392696348174087,100.0,5.796944500628864
0.00013936968484242122,100.0,5.801147555777804
0.00013946973486743373,100.0,5.805346407871947
0.00013956978489244624,100.0,5.809541061114346
0.00013966983491745872,100.0,5.813731519703851
0.00013976988494247123,100.0,5.817917787835118
0.00013986993496748374,100.0,5.822099869698602
0.00013996998499249625,100.0,5.826277769480571
0.00014007003501750876,100.0,5.830451491363106
0.00014017008504252126,100.0,5.834621039524106
0.00014027013506753377,100.0,5.838786418137294
0.00014037018509254628,100.0,5.8429476313722155
0.0001404702351175588,100.0,5.8471046833942495
0.00014057028514257127,100.0,5.851257578364606
0.00014067033516758378,100.0,5.85540632044034
0.0001407703851925963,100.0,5.859550913774345
0.0001408704352176088,100.0,5.863691362515361
0.0001409704852426213,100.0,5.867827670807981
0.00014107053526763382,100.0,5.871959842792653
0.00014117058529264633,100.0,5.876087882605685
0.00014127063531765884,100.0,5.880211794379248
0.00014137068534267132,100.0,5.884331582241381
0.00014147073536768383,100.0,5.888447250315996
0.00014157078539269634,100.0,5.892558802722879
0.00014167083541770885,100.0,5.896666243577697
0.00014177088544272136,100.0,5.900769576992005
0.00014187093546773387,100.0,5.90486880707324
0.00014197098549274638,100.0,5.908963937924735
0.0001420710355177589,100.0,5.91305497364572
0.0001421710855427714,100.0,5.917141918331326
0.00014227113556778388,100.0,5.9212247760725845
0.0001423711855927964,100.0,5.9253035509564445
0.0001424712356178089,100.0,5.92937824706576
0.0001425712856428214,100.0,5.9334488684793065
0.00014267133566783392,100.0,5.9375154192717785
0.00014277138569284643,100.0,5.941577903513798
0.00014287143571785894,100.0,5.945636325271913
0.00014297148574287145,100.0,5.949690688608608
0.00014307153576788396,100.0,5.9537409975823055
0.00014317158579289644,100.0,5.957787256247364
0.00014327163581790895,100.0,5.961829468654098
0.00014337168584292146,100.0,5.965867638848762
0.00014347173586793397,100.0,5.969901770873568
0.00014357178589294648,100.0,5.973931868766684
0.00014367183591795898,100.0,5.977957936562244
0.0001437718859429715,100.0,5.981979978290344
0.000143871935967984,100.0,5.9859979979770515
0.00014397198599299649,100.0,5.990011999644406
0.000144072036018009,100.0,5.994021987310429
0.0001441720860430215,100.0,5.99802796498912
0.00014427213606803401,100.0,6.002029936690466
0.00014437218609304652,100.0,6.006027906420446
0.00014447223611805903,100.0,6.010021878181028
0.00014457228614307154,100.0,6.014011855970182
0.00014467233616808405,100.0,6.017997843781881
0.00014477238619309656,100.0,6.021979845606099
0.00014487243621810904,100.0,6.025957865428825
0.00014497248624312155,100.0,6.02993190723206
0.00014507253626813406,100.0,6.033901974993824
0.00014517258629314657,100.0,6.037868072688156
0.00014527263631815908,100.0,6.041830204285127
0.0001453726863431716,100.0,6.0457883737508284
0.0001454727363681841,100.0,6.049742585047396
0.0001455727863931966,100.0,6.053692842132994
0.00014567283641820912,100.0,6.057639148961838
0.0001457728864432216,100.0,6.061581509484181
0.0001458729364682341,100.0,6.065519927646331
0.00014597298649324662,100.0,6.069454407390648
0.00014607303651825913,100.0,6.073384952655549
0.00014617308654327164,100.0,6.077311567375512
0.00014627313656828415,100.0,6.081234255481082
0.00014637318659329666,100.0,6.085153020898874
0.00014647323661830917,100.0,6.089067867551575
0.00014657328664332165,100.0,6.092978799357947
0.00014667333666833416,100.0,6.096885820232842
0.00014677338669334667,100.0,6.100788934087188
0.00014687343671835918,100.0,6.104688144828003
0.00014697348674337169,100.0,6.108583456358404
0.0001470735367683842,100.0,6.112474872577598
0.0001471735867933967,100.0,6.1163623973808985
0.00014727363681840921,100.0,6.12024603465972
0.00014737368684342172,100.0,6.124125788301586
0.0001474737368684342,100.0,6.128001662190131
0.00014757378689344672,100.0,6.131873660205114
0.00014767383691845922,100.0,6.135741786222404
0.00014777388694347173,100.0,6.139606044113999
0.00014787393696848424,100.0,6.143466437748025
0.00014797398699349675,100.0,6.147322970988739
0.00014807403701850926,100.0,6.151175647696533
0.00014817408704352177,100.0,6.155024471727941
0.00014827413706853425,100.0,6.158869446935638
0.00014837418709354676,100.0,6.162710577168448
0.00014847423711855927,100.0,6.166547866271345
0.00014857428714357178,100.0,6.170381318085459
0.0001486743371685843,100.0,6.17421093644808
0.0001487743871935968,100.0,6.178036725192657
0.0001488744372186093,100.0,6.181858688148807
0.00014897448724362182,100.0,6.185676829142322
0.00014907453726863433,100.0,6.18949115199516
0.0001491745872936468,100.0,6.193301660525462
0.00014927463731865932,100.0,6.197108358547554
0.00014937468734367183,100.0,6.20091124987194
0.00014947473736868434,100.0,6.204710338305319
0.00014957478739369685,100.0,6.208505627650583
0.00014967483741870936,100.0,6.212297121706816
0.00014977488744372187,100.0,6.216084824269309
0.00014987493746873438,100.0,6.219868739129556
0.0001499749874937469,100.0,6.223648870075258
0.00015007503751875937,0.0,6.2199242836249535
0.00015017508754377188,0.0,6.213704359859915
0.0001502751375687844,0.0,6.207490656018123
0.0001503751875937969,0.0,6.201283165879654
0.0001504752376188094,0.0,6.195081883230806
0.00015057528764382192,0.0,6.18888680186409
0.00015067533766883443,0.0,6.182697915578224
0.00015077538769384693,0.0,6.176515218178128
0.00015087543771885942,0.0,6.170338703474918
0.00015097548774387193,0.0,6.164168365285896
0.00015107553776888444,0.0,6.158004197434547
0.00015117558779389695,0.0,6.151846193750536
0.00015127563781890945,0.0,6.1456943480696955
0.00015137568784392196,0.0,6.139548654234023
0.00015147573786893447,0.0,6.1334091060916744
0.00015157578789394698,0.0,6.127275697496955
0.0001516758379189595,0.0,6.12114842231032
0.00015177588794397197,0.0,6.115027274398361
0.00015187593796898448,0.0,6.108912247633804
0.000151975987993997,0.0,6.1028033358955005
0.0001520760380190095,0.0,6.096700533068426
0.000152176088044022,0.0,6.09060383304367
0.00015227613806903452,0.0,6.0845132297184295
0.00015237618809404703,0.0,6.078428716996008
0.00015247623811905954,0.0,6.072350288785801
0.00015257628814407205,0.0,6.066277939003297
0.00015267633816908453,0.0,6.060211661570071
0.00015277638819409704,0.0,6.054151450413771
0.00015287643821910955,0.0,6.048097299468123
0.00015297648824412206,0.0,6.042049202672914
0.00015307653826913457,0.0,6.036007153973997
0.00015317658829414708,0.0,6.029971147323275
0.0001532766383191596,0.0,6.0239411766787
0.0001533766883441721,0.0,6.017917236004267
0.00015347673836918458,0.0,6.011899319270008
0.0001535767883941971,0.0,6.00588742045198
0.0001536768384192096,0.0,5.999881533532269
0.0001537768884442221,0.0,5.993881652498977
0.00015387693846923462,0.0,5.987887771346218
0.00015397698849424713,0.0,5.981899884074111
0.00015407703851925964,0.0,5.975917984688778
0.00015417708854427215,0.0,5.969942067202331
0.00015427713856928465,0.0,5.963972125632873
0.00015437718859429714,0.0,5.958008154004488
0.00015447723861930965,0.0,5.952050146347232
0.00015457728864432216,0.0,5.946098096697137
0.00015467733866933467,0.0,5.940151999096195
0.00015477738869434717,0.0,5.934211847592359
0.00015487743871935968,0.0,5.928277636239532
0.0001549774887443722,0.0,5.922349359097563
0.0001550775387693847,0.0,5.9164270102322405
0.0001551775887943972,0.0,5.910510583715291
0.0001552776388194097,0.0,5.904600073624366
0.0001553776888444222,0.0,5.898695474043037
0.0001554777388694347,0.0,5.892796779060798
0.00015557778889444722,0.0,5.886903982773049
0.00015567783891945973,0.0,5.881017079281096
0.00015577788894447224,0.0,5.875136062692144
0.00015587793896948475,0.0,5.869260927119292
0.00015597798899449726,0.0,5.8633916666815225
0.00015607803901950974,0.0,5.857528275503703
0.00015617808904452225,0.0,5.85167074771657
0.00015627813906953476,0.0,5.845819077456737
0.00015637818909454727,0.0,5.839973258866674
0.00015647823911955978,0.0,5.8341332860947155
0.0001565782891445723,0.0,5.828299153295042
0.0001566783391695848,0.0,5.822470854627681
0.0001567783891945973,0.0,5.816648384258502
0.00015687843921960982,0.0,5.810831736359206
0.0001569784892446223,0.0,5.805020905107327
0.0001570785392696348,0.0,5.7992158846862125
0.00015717858929464732,0.0,5.793416669285036
0.00015727863931965983,0.0,5.787623253098777
0.00015737868934467234,0.0,5.781835630328222
0.00015747873936968485,0.0,5.776053795179953
0.00015757878939469736,0.0,5.770277741866352
0.00015767883941970987,0.0,5.7645074646055825
0.00015777888944472238,0.0,5.7587429576215925
0.00015787893946973486,0.0,5.7529842151441075
0.00015797898949474737,0.0,5.747231231408619
0.00015807903951975988,0.0,5.741484000656385
0.00015817908954477239,0.0,5.735742517134424
0.0001582791395697849,0.0,5.730006775095507
0.0001583791895947974,0.0,5.724276768798151
0.00015847923961980991,0.0,5.718552492506615
0.00015857928964482242,0.0,5.712833940490893
0.0001586793396698349,0.0,5.707121107026711
0.00015877938969484741,0.0,5.701413986395515
0.00015887943971985992,0.0,5.695712572884474
0.00015897948974487243,0.0,5.6900168607864705
0.00015907953976988494,0.0,5.684326844400089
0.00015917958979489745,0.0,5.678642518029619
0.00015927963981990996,0.0,5.672963875985046
0.00015937968984492247,0.0,5.667290912582044
0.00015947973986993498,0.0,5.661623622141972
0.00015957978989494746,0.0,5.65596199899187
0.00015967983991995997,0.0,5.6503060374644445
0.00015977988994497248,0.0,5.644655731898073
0.000159879939969985,0.0,5.639011076636798
0.0001599799899949975,0.0,5.633372066030314
0.00016008004002001,0.0,5.627738694433966
0.00016018009004502252,0.0,5.622110956208745
0.00016028014007003503,0.0,5.61648884572128
0.0001603801900950475,0.0,5.610872357343834
0.00016048024012006002,0.0,5.605261485454297
0.00016058029014507253,0.0,5.599656224436181
0.00016068034017008504,0.0,5.594056568678616
0.00016078039019509755,0.0,5.588462512576342
0.00016088044022011006,0.0,5.582874050529703
0.00016098049024512257,0.0,5.577291176944646
0.00016108054027013508,0.0,5.571713886232708
0.00016118059029514759,0.0,5.566142172811016
0.00016128064032016007,0.0,5.560576031102284
0.00016138069034517258,0.0,5.555015455534795
0.0001614807403701851,0.0,5.5494604405424095
0.0001615807903951976,0.0,5.5439109805645534
0.0001616808404202101,0.0,5.538367070046212
0.00016178089044522262,0.0,5.532828703437927
0.00016188094047023512,0.0,5.527295875195788
0.00016198099049524763,0.0,5.521768579781431
0.00016208104052026014,0.0,5.516246811662027
0.00016218109054527263,0.0,5.510730565310284
0.00016228114057028514,0.0,5.50521983520443
0.00016238119059529764,0.0,5.499714615828223
0.00016248124062031015,0.0,5.494214901670933
0.00016258129064532266,0.0,5.488720687227343
0.00016268134067033517,0.0,5.483231966997737
0.00016278139069534768,0.0,5.4777487354879035
0.0001628814407203602,0.0,5.472270987209123
0.00016298149074537267,0.0,5.466798716678166
0.00016308154077038518,0.0,5.461331918417282
0.0001631815907953977,0.0,5.4558705869542035
0.0001632816408204102,0.0,5.450414716822132
0.0001633816908454227,0.0,5.444964302559739
0.00016348174087043522,0.0,5.439519338711152
0.00016358179089544773,0.0,5.434079819825961
0.00016368184092046024,0.0,5.428645740459202
0.00016378189094547275,0.0,5.423217095171355
0.00016388194097048523,0.0,5.417793878528347
0.00016398199099549774,0.0,5.412376085101526
0.00016408204102051025,0.0,5.406963709467682
0.00016418209104552276,0.0,5.401556746209019
0.00016428214107053527,0.0,5.3961551899131655
0.00016438219109554778,0.0,5.390759035173156
0.0001644822411205603,0.0,5.385368276587437
0.0001645822911455728,0.0,5.379982908759855
0.0001646823411705853,0.0,5.374602926299651
0.0001647823911955978,0.0,5.369228323821461
0.0001648824412206103,0.0,5.3638590959452985
0.0001649824912456228,0.0,5.358495237296565
0.00016508254127063532,0.0,5.353136742506033
0.00016518259129564783,0.0,5.347783606209844
0.00016528264132066034,0.0,5.342435823049505
0.00016538269134567284,0.0,5.337093387671882
0.00016548274137068535,0.0,5.33175629472919
0.00016558279139569784,0.0,5.326424538878997
0.00016568284142071035,0.0,5.321098114784209
0.00016578289144572286,0.0,5.315777017113071
0.00016588294147073536,0.0,5.310461240539161
0.00016598299149574787,0.0,5.305150779741381
0.00016608304152076038,0.0,5.299845629403957
0.0001661830915457729,0.0,5.294545784216427
0.0001662831415707854,0.0,5.289251238873644
0.0001663831915957979,0.0,5.2839619880757605
0.0001664832416208104,0.0,5.278678026528237
0.0001665832916458229,0.0,5.273399348941818
0.0001666833416708354,0.0,5.268125950032546
0.00016678339169584792,0.0,5.262857824521743
0.00016688344172086043,0.0,5.257594967136012
0.00016698349174587294,0.0,5.252337372607228
0.00016708354177088545,0.0,5.2470850356725345
0.00016718359179589796,0.0,5.241837951074338
0.00016728364182091047,0.0,5.236596113560301
0.00016738369184592295,0.0,5.231359517883344
0.00016748374187093546,0.0,5.226128158801625
0.00016758379189594797,0.0,5.220902031078552
0.00016768384192096048,0.0,5.215681129482766
0.000167783891945973,0.0,5.21046544878814
0.0001678839419709855,0.0,5.2052549837737745
0.000167983991995998,0.0,5.200049729223989
0.00016808404202101052,0.0,5.194849679928319
0.000168184092046023,0.0,5.189654830681513
0.0001682841420710355,0.0,5.184465176283519
0.00016838419209604802,0.0,5.17928071153949
0.00016848424212106053,0.0,5.174101431259772
0.00016858429214607304,0.0,5.168927330259903
0.00016868434217108555,0.0,5.163758403360603
0.00016878439219609806,0.0,5.15859464538777
0.00016888444222111057,0.0,5.15343605117248
0.00016898449224612307,0.0,5.148282615550975
0.00016908454227113556,0.0,5.143134333364664
0.00016918459229614807,0.0,5.1379911994601075
0.00016928464232116058,0.0,5.132853208689028
0.00016938469234617308,0.0,5.12772035590829
0.0001694847423711856,0.0,5.122592635979905
0.0001695847923961981,0.0,5.117470043771021
0.0001696848424212106,0.0,5.1123525741539195
0.00016978489244622312,0.0,5.107240222006007
0.00016988494247123563,0.0,5.102132982209818
0.00016998499249624811,0.0,5.097030849653
0.00017008504252126062,0.0,5.091933819228312
0.00017018509254627313,0.0,5.086841885833623
0.00017028514257128564,0.0,5.081755044371905
0.00017038519259629815,0.0,5.076673289751224
0.00017048524262131066,0.0,5.07159661688474
0.00017058529264632317,0.0,5.0665250206907
0.00017068534267133568,0.0,5.06145849609243
0.00017078539269634816,0.0,5.056397038018339
0.00017088544272136067,0.0,5.0513406414018975
0.00017098549274637318,0.0,5.04628930118165
0.0001710855427713857,0.0,5.041243012301203
0.0001711855927963982,0.0,5.036201769709216
0.0001712856428214107,0.0,5.0311655683594
0.00017138569284642322,0.0,5.026134403210514
0.00017148574287143573,0.0,5.021108269226358
0.00017158579289644824,0.0,5.016087161375766
0.00017168584292146072,0.0,5.011071074632607
0.00017178589294647323,0.0,5.006060003975773
0.00017188594297148574,0.0,5.001053944389177
0.00017198599299649825,0.0,4.99605289086175
0.00017208604302151076,0.0,4.9910568383874345
0.00017218609304652327,0.0,4.986065781965177
0.00017228614307153578,0.0,4.9810797165989245
0.00017238619309654829,0.0,4.976098637297623
0.00017248624312156077,0.0,4.971122539075209
0.00017258629314657328,0.0,4.966151416950601
0.00017268634317158579,0.0,4.961185265947703
0.0001727863931965983,0.0,4.956224081095394
0.0001728864432216108,0.0,4.951267857427523
0.00017298649324662331,0.0,4.946316589982908
0.00017308654327163582,0.0,4.941370273805324
0.00017318659329664833,0.0,4.936428903943506
0.00017328664332166084,0.0,4.931492475451137
0.00017338669334667332,0.0,4.9265609833868504
0.00017348674337168583,0.0,4.921634422814215
0.00017358679339669834,0.0,4.916712788801742
0.00017368684342171085,0.0,4.911796076422871
0.00017378689344672336,0.0,4.906884280755969
0.00017388694347173587,0.0,4.901977396884324
0.00017398699349674838,0.0,4.897075419896143
0.0001740870435217609,0.0,4.89217834488454
0.0001741870935467734,0.0,4.887286166947541
0.00017428714357178588,0.0,4.882398881188072
0.0001743871935967984,0.0,4.877516482713954
0.0001744872436218109,0.0,4.872638966637902
0.0001745872936468234,0.0,4.867766328077521
0.00017468734367183592,0.0,4.862898562155293
0.00017478739369684843,0.0,4.858035663998582
0.00017488744372186094,0.0,4.853177628739622
0.00017498749374687345,0.0,4.848324451515516
0.00017508754377188593,0.0,4.8434761274682305
0.00017518759379689844,0.0,4.838632651744587
0.00017528764382191095,0.0,4.833794019496263
0.00017538769384692346,0.0,4.828960225879785
0.00017548774387193597,0.0,4.824131266056519
0.00017558779389694848,0.0,4.819307135192675
0.000175687843921961,0.0,4.814487828459292
0.0001757878939469735,0.0,4.809673341032241
0.000175887943971986,0.0,4.8048636680922145
0.0001759879939969985,0.0,4.8000588048247295
0.000176088044022011,0.0,4.795258746420109
0.0001761880940470235,0.0,4.7904634880734935
0.00017628814407203602,0.0,4.785673024984825
0.00017638819409704853,0.0,4.780887352358846
0.00017648824412206103,0.0,4.7761064654050935
0.00017658829414707354,0.0,4.771330359337896
0.00017668834417208605,0.0,4.766559029376368
0.00017678839419709856,0.0,4.761792470744403
0.00017688844422211105,0.0,4.757030678670675
0.00017698849424712355,0.0,4.752273648388621
0.00017708854427213606,0.0,4.747521375136453
0.00017718859429714857,0.0,4.742773854157141
0.00017728864432216108,0.0,4.738031080698413
0.0001773886943471736,0.0,4.7332930500127475
0.0001774887443721861,0.0,4.728559757357373
0.0001775887943971986,0.0,4.723831197994259
0.0001776888444222111,0.0,4.719107367190116
0.0001777888944472236,0.0,4.714388260216381
0.0001778889444722361,0.0,4.709673872349226
0.00017798899449724862,0.0,4.704964198869546
0.00017808904452226113,0.0,4.700259235062953
0.00017818909454727364,0.0,4.6955589762197745
0.00017828914457228615,0.0,4.690863417635047
0.00017838919459729866,0.0,4.686172554608512
0.00017848924462231117,0.0,4.681486382444613
0.00017858929464732365,0.0,4.676804896452488
0.00017868934467233616,0.0,4.6721280919459645
0.00017878939469734867,0.0,4.667455964243557
0.00017888944472236118,0.0,4.662788508668463
0.0001789894947473737,0.0,4.658125720548554
0.0001790895447723862,0.0,4.653467595216377
0.0001791895947973987,0.0,4.6488141280091435
0.00017928964482241122,0.0,4.644165314268729
0.00017938969484742373,0.0,4.639521149341667
0.0001794897448724362,0.0,4.634881628579146
0.00017958979489744872,0.0,4.630246747337001
0.00017968984492246123,0.0,4.625616500975711
0.00017978989494747374,0.0,4.6209908848603956
0.00017988994497248625,0.0,4.61636989436081
0.00017998999499749875,0.0,4.611753524851339
0.00018009004502251126,0.0,4.607141771710992
0.00018019009504752377,0.0,4.602534630323402
0.00018029014507253626,0.0,4.597932096076816
0.00018039019509754877,0.0,4.593334164364092
0.00018049024512256127,0.0,4.588740830582697
0.00018059029514757378,0.0,4.5841520901347
0.0001806903451725863,0.0,4.579567938426769
0.0001807903951975988,0.0,4.574988370870164
0.0001808904452226113,0.0,4.570413382880734
0.00018099049524762382,0.0,4.5658429698789105
0.00018109054527263633,0.0,4.561277127289709
0.0001811905952976488,0.0,4.556715850542717
0.00018129064532266132,0.0,4.55215913507209
0.00018139069534767383,0.0,4.547606976316554
0.00018149074537268634,0.0,4.543059369719394
0.00018159079539769885,0.0,4.538516310728452
0.00018169084542271136,0.0,4.533977794796122
0.00018179089544772387,0.0,4.529443817379347
0.00018189094547273638,0.0,4.52491437393961
0.0001819909954977489,0.0,4.520389459942935
0.00018209104552276137,0.0,4.51586907085988
0.00018219109554777388,0.0,4.511353202165531
0.0001822911455727864,0.0,4.5068418493395
0.0001823911955977989,0.0,4.502335007865918
0.0001824912456228114,0.0,4.497832673233434
0.00018259129564782392,0.0,4.493334840935208
0.00018269134567283643,0.0,4.488841506468904
0.00018279139569784894,0.0,4.484352665336692
0.00018289144572286142,0.0,4.479868313045239
0.00018299149574787393,0.0,4.475388445105703
0.00018309154577288644,0.0,4.470913057033733
0.00018319159579789895,0.0,4.466442144349461
0.00018329164582291146,0.0,4.461975702577502
0.00018339169584792397,0.0,4.457513727246941
0.00018349174587293648,0.0,4.453056213891339
0.00018359179589794898,0.0,4.448603158048722
0.0001836918459229615,0.0,4.444154555261575
0.00018379189594797398,0.0,4.439710401076845
0.00018389194597298649,0.0,4.43527069104593
0.000183991995997999,0.0,4.430835420724675
0.0001840920460230115,0.0,4.42640458567337
0.00018419209604802401,0.0,4.4219781814567485
0.00018429214607303652,0.0,4.417556203643974
0.00018439219609804903,0.0,4.413138647808644
0.00018449224612306154,0.0,4.4087255095287805
0.00018459229614807402,0.0,4.40431678438683
0.00018469234617308653,0.0,4.399912467969654
0.00018479239619809904,0.0,4.395512555868526
0.00018489244622311155,0.0,4.391117043679134
0.00018499249624812406,0.0,4.386725927001564
0.00018509254627313657,0.0,4.382339201440305
0.00018519259629814908,0.0,4.377956862604242
0.0001852926463231616,0.0,4.37357890610665
0.0001853926963481741,0.0,4.369205327565191
0.00018549274637318658,0.0,4.364836122601909
0.0001855927963981991,0.0,4.360471286843225
0.0001856928464232116,0.0,4.356110815919936
0.0001857928964482241,0.0,4.351754705467207
0.00018589294647323662,0.0,4.347402951124567
0.00018599299649824913,0.0,4.343055548535907
0.00018609304652326164,0.0,4.338712493349473
0.00018619309654827415,0.0,4.334373781217864
0.00018629314657328666,0.0,4.330039407798025
0.00018639319659829914,0.0,4.325709368751245
0.00018649324662331165,0.0,4.32138365974315
0.00018659329664832416,0.0,4.317062276443702
0.00018669334667333667,0.0,4.312745214527193
0.00018679339669834918,0.0,4.308432469672241
0.00018689344672336169,0.0,4.304124037561784
0.0001869934967483742,0.0,4.299819913883079
0.0001870935467733867,0.0,4.295520094327693
0.0001871935967983992,0.0,4.291224574591505
0.0001872936468234117,0.0,4.286933350374694
0.0001873936968484242,0.0,4.282646417381743
0.00018749374687343672,0.0,4.278363771321427
0.00018759379689844922,0.0,4.274085407906814
0.00018769384692346173,0.0,4.269811322855259
0.00018779389694847424,0.0,4.265541511888398
0.00018789394697348675,0.0,4.261275970732149
0.00018799399699849926,0.0,4.257014695116701
0.00018809404702351174,0.0,4.252757680776514
0.00018819409704852425,0.0,4.248504923450311
0.00018829414707353676,0.0,4.24425641888108
0.00018839419709854927,0.0,4.240012162816064
0.00018849424712356178,0.0,4.235772151006759
0.0001885942971485743,0.0,4.23153637920891
0.0001886943471735868,0.0,4.227304843182504
0.0001887943971985993,0.0,4.223077538691774
0.00018889444722361182,0.0,4.218854461505181
0.0001889944972486243,0.0,4.214635607395424
0.0001890945472736368,0.0,4.210420972139423
0.00018919459729864932,0.0,4.2062105515183275
0.00018929464732366183,0.0,4.202004341317503
0.00018939469734867434,0.0,4.197802337326527
0.00018949474737368685,0.0,4.193604535339192
0.00018959479739869936,0.0,4.189410931153494
0.00018969484742371187,0.0,4.185221520571633
0.00018979489744872435,0.0,4.181036299400005
0.00018989494747373686,0.0,4.176855263449199
0.00018999499749874937,0.0,4.172678408533995
0.00019009504752376188,0.0,4.168505730473359
0.0001901950975487744,0.0,4.164337225090434
0.0001902951475737869,0.0,4.1601728882125455
0.0001903951975987994,0.0,4.156012715671187
0.00019049524762381192,0.0,4.151856703302023
0.00019059529764882443,0.0,4.147704846944882
0.0001906953476738369,0.0,4.143557142443753
0.00019079539769884942,0.0,4.139413585646778
0.00019089544772386193,0.0,4.135274172406255
0.00019099549774887444,0.0,4.1311388985786275
0.00019109554777388694,0.0,4.127007760024483
0.00019119559779889945,0.0,4.122880752608547
0.00019129564782391196,0.0,4.118757872199684
0.00019139569784892447,0.0,4.114639114670886
0.00019149574787393698,0.0,4.110524475899273
0.00019159579789894946,0.0,4.10641395176609
0.00019169584792396197,0.0,4.102307538156696
0.00019179589794897448,0.0,4.098205230960569
0.000191895947973987,0.0,4.0941070260712955
0.0001919959979989995,0.0,4.09001291938657
0.000192096048024012,0.0,4.085922906808189
0.00019219609804902452,0.0,4.081836984242044
0.00019229614807403703,0.0,4.077755147598125
0.0001923961980990495,0.0,4.073677392790511
0.00019249624812406202,0.0,4.069603715737363
0.00019259629814907453,0.0,4.065534112360929
0.00019269634817408704,0.0,4.061468578587531
0.00019279639819909955,0.0,4.05740711034757
0.00019289644822411206,0.0,4.053349703575508
0.00019299649824912457,0.0,4.049296354209881
0.00019309654827413708,0.0,4.045247058193281
0.0001931965982991496,0.0,4.04120181147236
0.00019329664832416207,0.0,4.037160609997823
0.00019339669834917458,0.0,4.033123449724424
0.0001934967483741871,0.0,4.029090326610961
0.0001935967983991996,0.0,4.025061236620275
0.0001936968484242121,0.0,4.021036175719244
0.00019379689844922462,0.0,4.017015139878779
0.00019389694847423713,0.0,4.0129981250738185
0.00019399699849924964,0.0,4.008985127283329
0.00019409704852426212,0.0,4.004976142490296
0.00019419709854927463,0.0,4.00097116668172
0.00019429714857428714,0.0,3.996970195848619
0.00019439719859929965,0.0,3.992973225986018
0.00019449724862431216,0.0,3.9889802530929463
0.00019459729864932467,0.0,3.984991273172434
0.00019469734867433717,0.0,3.9810062822315104
0.00019479739869934968,0.0,3.977025276281195
0.0001948974487243622,0.0,3.973048251336498
0.00019499749874937468,0.0,3.969075203416416
0.00019509754877438718,0.0,3.9651061285439204
0.0001951975987993997,0.0,3.961141022745968
0.0001952976488244122,0.0,3.957179882053482
0.0001953976988494247,0.0,3.9532227025013578
0.00019549774887443722,0.0,3.9492694801284562
0.00019559779889944973,0.0,3.9453202109775987
0.00019569784892446224,0.0,3.9413748910955615
0.00019579789894947475,0.0,3.937433516533078
0.00019589794897448723,0.0,3.9334960833448296
0.00019599799899949974,0.0,3.9295625875894404
0.00019609804902451225,0.0,3.925633025329478
0.00019619809904952476,0.0,3.921707392631448
0.00019629814907453727,0.0,3.917785685565789
0.00019639819909954978,0.0,3.913867900206868
0.0001964982491245623,0.0,3.9099540326329802
0.0001965982991495748,0.0,3.9060440789263393
0.00019669834917458728,0.0,3.9021380351730808
0.0001967983991995998,0.0,3.898235897463248
0.0001968984492246123,0.0,3.8943376618907997
0.0001969984992496248,0.0,3.8904433245535994
0.00019709854927463732,0.0,3.8865528815534116
0.00019719859929964983,0.0,3.8826663289959
0.00019729864932466234,0.0,3.8787836629906214
0.00019739869934967485,0.0,3.874904879651024
0.00019749874937468736,0.0,3.8710299750944426
0.00019759879939969984,0.0,3.867158945442096
0.00019769884942471235,0.0,3.8632917868190786
0.00019779889944972486,0.0,3.859428495354362
0.00019789894947473737,0.0,3.855569067180787
0.00019799899949974988,0.0,3.851713498435064
0.00019809904952476239,0.0,3.847861785257766
0.0001981990995497749,0.0,3.8440139237933235
0.0001982991495747874,0.0,3.840169910190024
0.0001983991995997999,0.0,3.836329740600009
0.0001984992496248124,0.0,3.8324934111792635
0.0001985992996498249,0.0,3.828660918087618
0.00019869934967483741,0.0,3.8248322574887457
0.00019879939969984992,0.0,3.821007425550152
0.00019889944972486243,0.0,3.817186418443178
0.00019899949974987494,0.0,3.8133692323429926
0.00019909954977488745,0.0,3.8095558634285895
0.00019919959979989996,0.0,3.8057463078827825
0.00019929964982491244,0.0,3.8019405618922044
0.00019939969984992495,0.0,3.798138621647299
0.00019949974987493746,0.0,3.794340483342322
0.00019959979989994997,0.0,3.7905461431753324
0.00019969984992496248,0.0,3.786755597348194
0.000199799899949975,0.0,3.782968842066566
0.0001998999499749875,0.0,3.7791858735399044
0.0002,100.0,3.775406687981455
